Workbook

Sheet Dev_sample
A1: checking_status | B1: duration | C1: credit_history | D1: purpose | E1: credit_amount | F1: savings_status | G1: employment | H1: installment_commitment | I1: personal_status | J1: other_parties | K1: residence_since | L1: property_magnitude | M1: age | N1: other_payment_plans | O1: housing | P1: existing_credits | Q1: job | R1: num_dependents | S1: own_telephone | T1: foreign_worker | U1: class
A2: 0<=X<200 | B2: 54 | C2: no credits/all paid | D2: business | E2: 15945 | F2: <100 | G2: <1 | H2: 3 | I2: male single | J2: none | K2: 4 | L2: no known property | M2: 58 | N2: none | O2: rent | P2: 1 | Q2: skilled | R2: 1 | S2: yes | T2: yes | U2: 1
A3: <0 | B3: 48 | C3: existing paid | D3: business | E3: 4308 | F3: <100 | G3: <1 | H3: 3 | I3: female div/dep/mar | J3: none | K3: 4 | L3: life insurance | M3: 24 | N3: none | O3: rent | P3: 1 | Q3: skilled | R3: 1 | S3: none | T3: yes | U3: 1
A4: 0<=X<200 | B4: 48 | C4: all paid | D4: business | E4: 6416 | F4: <100 | G4: >=7 | H4: 4 | I4: female div/dep/mar | J4: none | K4: 3 | L4: no known property | M4: 59 | N4: none | O4: rent | P4: 1 | Q4: skilled | R4: 1 | S4: none | T4: yes | U4: 1
A5: 0<=X<200 | B5: 48 | C5: all paid | D5: new car | E5: 12169 | F5: no known savings | G5: unemployed | H5: 4 | I5: male single | J5: co applicant | K5: 4 | L5: no known property | M5: 36 | N5: none | O5: for free | P5: 1 | Q5: high qualif/self emp/mgmt | R5: 1 | S5: yes | T5: yes | U5: 0
A6: <0 | B6: 48 | C6: no credits/all paid | D6: furniture/equipment | E6: 7119 | F6: <100 | G6: 1<=X<4 | H6: 3 | I6: male single | J6: none | K6: 4 | L6: no known property | M6: 53 | N6: none | O6: for free | P6: 2 | Q6: skilled | R6: 2 | S6: none | T6: yes | U6: 1
A7: 0<=X<200 | B7: 48 | C7: no credits/all paid | D7: business | E7: 14421 | F7: <100 | G7: 1<=X<4 | H7: 2 | I7: male single | J7: none | K7: 2 | L7: car | M7: 25 | N7: none | O7: own | P7: 1 | Q7: skilled | R7: 1 | S7: yes | T7: yes | U7: 1
A8: <0 | B8: 48 | C8: all paid | D8: business | E8: 7685 | F8: <100 | G8: 4<=X<7 | H8: 2 | I8: female div/dep/mar | J8: guarantor | K8: 4 | L8: car | M8: 37 | N8: none | O8: rent | P8: 1 | Q8: skilled | R8: 1 | S8: none | T8: yes | U8: 1
A9: <0 | B9: 48 | C9: existing paid | D9: new car | E9: 7763 | F9: <100 | G9: >=7 | H9: 4 | I9: male single | J9: none | K9: 4 | L9: no known property | M9: 42 | N9: bank | O9: for free | P9: 1 | Q9: high qualif/self emp/mgmt | R9: 1 | S9: none | T9: yes | U9: 1
A10: 0<=X<200 | B10: 48 | C10: no credits/all paid | D10: other | E10: 18424 | F10: <100 | G10: 1<=X<4 | H10: 1 | I10: female div/dep/mar | J10: none | K10: 2 | L10: life insurance | M10: 32 | N10: bank | O10: own | P10: 1 | Q10: high qualif/self emp/mgmt | R10: 1 | S10: yes | T10: no | U10: 1
A11: <0 | B11: 24 | C11: all paid | D11: new car | E11: 1193 | F11: <100 | G11: unemployed | H11: 1 | I11: female div/dep/mar | J11: co applicant | K11: 4 | L11: no known property | M11: 29 | N11: none | O11: rent | P11: 2 | Q11: unemp/unskilled non res | R11: 1 | S11: none | T11: yes | U11: 1
A12: 0<=X<200 | B12: 48 | C12: no credits/all paid | D12: new car | E12: 8358 | F12: 500<=X<1000 | G12: <1 | H12: 1 | I12: female div/dep/mar | J12: none | K12: 1 | L12: car | M12: 30 | N12: none | O12: own | P12: 2 | Q12: skilled | R12: 1 | S12: none | T12: yes | U12: 0
A13: 0<=X<200 | B13: 36 | C13: all paid | D13: domestic appliance | E13: 3990 | F13: no known savings | G13: <1 | H13: 3 | I13: female div/dep/mar | J13: none | K13: 2 | L13: no known property | M13: 29 | N13: bank | O13: own | P13: 1 | Q13: unemp/unskilled non res | R13: 1 | S13: none | T13: yes | U13: 0
... A701: no checking | B701: 9 | C701: critical/other existing credit | D701: radio/tv | E701: 3074 | F701: no known savings | G701: 1<=X<4 | H701: 1 | I701: male single | J701: none | K701: 2 | L701: real estate | M701: 33 | N701: none | O701: own | P701: 2 | Q701: skilled | R701: 2 | S701: none | T701: yes | U701: 0

Sheet Binning_WOE_IV
A1: Numeric Variables | B1: Bin | C1: Min | D1: Max | E1: Good | F1: Bad | G1: GoodDist | H1: BadDist | I1: WOE | J1: IV_bin | K1: IV_total | L1: evaluation | AF1: credit_history | AG1: credit_history_bin | AH1: purpose | AI1: purpose_bin | AJ1: savings_status | AK1: savings_status_bin | AL1: employment | AM1: employment_bin | AN1: personal_status | AO1: personal_status_bin | AP1: other_parties | AQ1: property_magnitude | AR1: property_magnitude_bin | AS1: other_payment_plans | AT1: other_payment_plans_bin | AU1: housing | AV1: housing_bin | AW1: job | AX1: own_telephone | AY1: foreign_worker | AZ1: checking_status
A2: duration | B2: 1 | C2: 0 | D2: 12 | E2: =COUNTIFS(Dev_sample!B:B,">="&Binning_WOE_IV!C2,Dev_sample!B:B,"<"&Binning_WOE_IV!D2,Dev_sample!U:U,0) -> 112 | F2: =COUNTIFS(Dev_sample!B:B,">="&Binning_WOE_IV!C2,Dev_sample!B:B,"<"&Binning_WOE_IV!D2,Dev_sample!U:U,1) -> 18 | G2: =E2/SUM($E$2:$E$6) -> 0.23092784 | H2: =F2/SUM($F$2:$F$6) -> 0.08372093 | I2: =LN(Binning_WOE_IV!G2/Binning_WOE_IV!H2) -> 1.0146163 | J2: =(Binning_WOE_IV!G2-Binning_WOE_IV!H2)*Binning_WOE_IV!I2 -> 0.14935852 | K2: =SUM(J2:J6) -> 0.27075808 | L2: accept | AF2: critical/other existing credit | AG2: bin1 | AH2: radio/tv | AI2: bin1 | AJ2: no known savings | AK2: bin1 | AL2: >=7 | AM2: bin4 | AN2: male single | AO2: bin1 | AP2: none | AQ2: real estate | AR2: bin1 | AS2: none | AT2: bin1 | AU2: own | AV2: bin1 | AW2: skilled | AX2: yes | AY2: yes | AZ2: <0
A3: duration | B3: 2 | C3: 12 | D3: 24 | E3: =COUNTIFS(Dev_sample!B:B,">="&Binning_WOE_IV!C3,Dev_sample!B:B,"<"&Binning_WOE_IV!D3,Dev_sample!U:U,0) -> 201 | F3: =COUNTIFS(Dev_sample!B:B,">="&Binning_WOE_IV!C3,Dev_sample!B:B,"<"&Binning_WOE_IV!D3,Dev_sample!U:U,1) -> 83 | G3: =E3/SUM($E$2:$E$6) -> 0.41443299 | H3: =F3/SUM($F$2:$F$6) -> 0.38604651 | I3: =LN(Binning_WOE_IV!G3/Binning_WOE_IV!H3) -> 0.070953437 | J3: =(Binning_WOE_IV!G3-Binning_WOE_IV!H3)*Binning_WOE_IV!I3 -> 0.0020141182 | AF3: existing paid | AG3: bin2 | AH3: education | AI3: bin2 | AJ3: <100 | AK3: bin2 | AL3: 1<=X<4 | AM3: bin3 | AN3: female div/dep/mar | AO3: bin2 | AP3: guarantor | AQ3: life insurance | AR3: bin2 | AS3: bank | AT3: bin2 | AU3: for free | AV3: bin2 | AW3: unskilled resident | AX3: none | AY3: no | AZ3: 0<=X<200
A4: duration | B4: 3 | C4: 24 | D4: 36 | E4: =COUNTIFS(Dev_sample!B:B,">="&Binning_WOE_IV!C4,Dev_sample!B:B,"<"&Binning_WOE_IV!D4,Dev_sample!U:U,0) -> 113 | F4: =COUNTIFS(Dev_sample!B:B,">="&Binning_WOE_IV!C4,Dev_sample!B:B,"<"&Binning_WOE_IV!D4,Dev_sample!U:U,1) -> 57 | G4: =E4/SUM($E$2:$E$6) -> 0.23298969 | H4: =F4/SUM($F$2:$F$6) -> 0.26511628 | I4: =LN(Binning_WOE_IV!G4/Binning_WOE_IV!H4) -> -0.12917431 | J4: =(Binning_WOE_IV!G4-Binning_WOE_IV!H4)*Binning_WOE_IV!I4 -> 0.0041499299 | AF4: delayed previously | AG4: bin2 | AH4: furniture/equipment | AI4: bin3 | AJ4: 500<=X<1000 | AK4: bin4 | AL4: 4<=X<7 | AM4: bin4 | AN4: male div/sep | AO4: bin3 | AP4: co applicant | AQ4: no known property | AR4: bin4 | AS4: stores | AT4: bin2 | AU4: rent | AV4: bin2 | AW4: high qualif/self emp/mgmt | AZ4: no checking
A5: duration | B5: 4 | C5: 36 | D5: 48 | E5: =COUNTIFS(Dev_sample!B:B,">="&Binning_WOE_IV!C5,Dev_sample!B:B,"<"&Binning_WOE_IV!D5,Dev_sample!U:U,0) -> 38 | F5: =COUNTIFS(Dev_sample!B:B,">="&Binning_WOE_IV!C5,Dev_sample!B:B,"<"&Binning_WOE_IV!D5,Dev_sample!U:U,1) -> 33 | G5: =E5/SUM($E$2:$E$6) -> 0.078350515 | H5: =F5/SUM($F$2:$F$6) -> 0.15348837 | I5: =LN(Binning_WOE_IV!G5/Binning_WOE_IV!H5) -> -0.67243226 | J5: =(Binning_WOE_IV!G5-Binning_WOE_IV!H5)*Binning_WOE_IV!I5 -> 0.050525119 | AF5: no credits/all paid | AG5: bin3 | AH5: new car | AI5: bin4 | AJ5: >=1000 | AK5: bin4 | AL5: unemployed | AM5: bin1 | AN5: male mar/wid | AO5: bin3 | AQ5: car | AR5: bin3 | AW5: unemp/unskilled non res | AZ5: >=200
A6: duration | B6: 5 | C6: 48 | E6: =COUNTIFS(Dev_sample!B:B,">="&Binning_WOE_IV!C6,Dev_sample!U:U,0) -> 21 | F6: =COUNTIFS(Dev_sample!B:B,">="&Binning_WOE_IV!C6,Dev_sample!U:U,1) -> 24 | G6: =E6/SUM($E$2:$E$6) -> 0.043298969 | H6: =F6/SUM($F$2:$F$6) -> 0.11162791 | I6: =LN(Binning_WOE_IV!G6/Binning_WOE_IV!H6) -> -0.94704226 | J6: =(Binning_WOE_IV!G6-Binning_WOE_IV!H6)*Binning_WOE_IV!I6 -> 0.064710391 | AF6: all paid | AG6: bin3 | AH6: used car | AI6: bin5 | AJ6: 100<=X<500 | AK6: bin3 | AL6: <1 | AM6: bin2
A7: credit_amount | B7: 1 | C7: 0 | D7: 1000 | E7: =COUNTIFS(Dev_sample!E:E,">="&Binning_WOE_IV!C7,Dev_sample!E:E,"<"&Binning_WOE_IV!D7,Dev_sample!U:U,0) -> 54 | F7: =COUNTIFS(Dev_sample!E:E,">="&Binning_WOE_IV!C7,Dev_sample!E:E,"<"&Binning_WOE_IV!D7,Dev_sample!U:U,1) -> 23 | G7: =E7/SUM($E$7:$E$12) -> 0.11134021 | H7: =F7/SUM($F$7:$F$12) -> 0.10697674 | I7: =LN(G7/H7) -> 0.039978968 | J7: =(G7-H7)*I7 -> 0.00017444671 | K7: =SUM(J7:J12) -> 0.084625243 | L7: accept | AH7: business | AI7: bin6
A8: credit_amount | B8: 2 | C8: 1000 | D8: 2000 | E8: =COUNTIFS(Dev_sample!E:E,">="&Binning_WOE_IV!C8,Dev_sample!E:E,"<"&Binning_WOE_IV!D8,Dev_sample!U:U,0) -> 159 | F8: =COUNTIFS(Dev_sample!E:E,">="&Binning_WOE_IV!C8,Dev_sample!E:E,"<"&Binning_WOE_IV!D8,Dev_sample!U:U,1) -> 60 | G8: =E8/SUM($E$7:$E$12) -> 0.32783505 | H8: =F8/SUM($F$7:$F$12) -> 0.27906977 | I8: =LN(G8/H8) -> 0.16104878 | J8: =(G8-H8)*I8 -> 0.0078535894 | AH8: domestic appliance | AI8: bin3
A9: credit_amount | B9: 3 | C9: 2000 | D9: 3000 | E9: =COUNTIFS(Dev_sample!E:E,">="&Binning_WOE_IV!C9,Dev_sample!E:E,"<"&Binning_WOE_IV!D9,Dev_sample!U:U,0) -> 97 | F9: =COUNTIFS(Dev_sample!E:E,">="&Binning_WOE_IV!C9,Dev_sample!E:E,"<"&Binning_WOE_IV!D9,Dev_sample!U:U,1) -> 38 | G9: =E9/SUM($E$7:$E$12) -> 0.2 | H9: =F9/SUM($F$7:$F$12) -> 0.17674419 | I9: =LN(G9/H9) -> 0.12361396 | J9: =(G9-H9)*I9 -> 0.0028747432 | AH9: repairs | AI9: bin5
A10: credit_amount | B10: 4 | C10: 3000 | D10: 5000 | E10: =COUNTIFS(Dev_sample!E:E,">="&Binning_WOE_IV!C10,Dev_sample!E:E,"<"&Binning_WOE_IV!D10,Dev_sample!U:U,0) -> 99 | F10: =COUNTIFS(Dev_sample!E:E,">="&Binning_WOE_IV!C10,Dev_sample!E:E,"<"&Binning_WOE_IV!D10,Dev_sample!U:U,1) -> 42 | G10: =E10/SUM($E$7:$E$12) -> 0.20412371 | H10: =F10/SUM($F$7:$F$12) -> 0.19534884 | I10: =LN(G10/H10) -> 0.043939369 | J10: =(G10-H10)*I10 -> 0.00038556243 | AH10: other | AI10: bin1
A11: credit_amount | B11: 5 | C11: 5000 | D11: 8000 | E11: =COUNTIFS(Dev_sample!E:E,">="&Binning_WOE_IV!C11,Dev_sample!E:E,"<"&Binning_WOE_IV!D11,Dev_sample!U:U,0) -> 55 | F11: =COUNTIFS(Dev_sample!E:E,">="&Binning_WOE_IV!C11,Dev_sample!E:E,"<"&Binning_WOE_IV!D11,Dev_sample!U:U,1) -> 27 | G11: =E11/SUM($E$7:$E$12) -> 0.11340206 | H11: =F11/SUM($F$7:$F$12) -> 0.1255814 | I11: =LN(G11/H11) -> -0.10201454 | J11: =(G11-H11)*I11 -> 0.0012424691 | AH11: retraining | AI11: bin2
A12: credit_amount | B12: 6 | C12: 8000 | E12: =COUNTIFS(Dev_sample!E:E,">="&Binning_WOE_IV!C12,Dev_sample!U:U,0) -> 21 | F12: =COUNTIFS(Dev_sample!E:E,">="&Binning_WOE_IV!C12,Dev_sample!U:U,1) -> 25 | G12: =E12/SUM($E$7:$E$12) -> 0.043298969 | H12: =F12/SUM($F$7:$F$12) -> 0.11627907 | I12: =LN(G12/H12) -> -0.98786425 | J12: =(G12-H12)*I12 -> 0.072094432
A13: age | B13: 1 | C13: 0 | D13: 26 | E13: =COUNTIFS(Dev_sample!M:M,">="&Binning_WOE_IV!C13,Dev_sample!M:M,"<"&Binning_WOE_IV!D13,Dev_sample!U:U,0) -> 86 | F13: =COUNTIFS(Dev_sample!M:M,">="&Binning_WOE_IV!C13,Dev_sample!M:M,"<"&Binning_WOE_IV!D13,Dev_sample!U:U,1) -> 57 | G13: =E13/SUM($E$13:$E$18) -> 0.17731959 | H13: =F13/SUM(($F$13:$F$18)) -> 0.26511628 | I13: =LN(G13/H13) -> -0.40221483 | J13: =(G13-H13)*I13 -> 0.035313132 | K13: =SUM(J13:J18) -> 0.089177009 | L13: accept
A14: age | B14: 2 | C14: 26 | D14: 30 | E14: =COUNTIFS(Dev_sample!M:M,">="&Binning_WOE_IV!C14,Dev_sample!M:M,"<"&Binning_WOE_IV!D14,Dev_sample!U:U,0) -> 83 | F14: =COUNTIFS(Dev_sample!M:M,">="&Binning_WOE_IV!C14,Dev_sample!M:M,"<"&Binning_WOE_IV!D14,Dev_sample!U:U,1) -> 42 | G14: =E14/SUM($E$13:$E$18) -> 0.17113402 | H14: =F14/SUM(($F$13:$F$18)) -> 0.19534884 | I14: =LN(G14/H14) -> -0.13233987 | J14: =(G14-H14)*I14 -> 0.0032045858
A15: age | B15: 3 | C15: 30 | D15: 36 | E15: =COUNTIFS(Dev_sample!M:M,">="&Binning_WOE_IV!C15,Dev_sample!M:M,"<"&Binning_WOE_IV!D15,Dev_sample!U:U,0) -> 101 | F15: =COUNTIFS(Dev_sample!M:M,">="&Binning_WOE_IV!C15,Dev_sample!M:M,"<"&Binning_WOE_IV!D15,Dev_sample!U:U,1) -> 49 | G15: =E15/SUM($E$13:$E$18) -> 0.20824742 | H15: =F15/SUM(($F$13:$F$18)) -> 0.22790698 | I15: =LN(G15/H15) -> -0.090210644 | J15: =(G15-H15)*I15 -> 0.001773501
A16: age | B16: 4 | C16: 36 | D16: 45 | E16: =COUNTIFS(Dev_sample!M:M,">="&Binning_WOE_IV!C16,Dev_sample!M:M,"<"&Binning_WOE_IV!D16,Dev_sample!U:U,0) -> 107 | F16: =COUNTIFS(Dev_sample!M:M,">="&Binning_WOE_IV!C16,Dev_sample!M:M,"<"&Binning_WOE_IV!D16,Dev_sample!U:U,1) -> 36 | G16: =E16/SUM($E$13:$E$18) -> 0.22061856 | H16: =F16/SUM(($F$13:$F$18)) -> 0.16744186 | I16: =LN(G16/H16) -> 0.27579903 | J16: =(G16-H16)*I16 -> 0.014666081
A17: age | B17: 5 | C17: 45 | D17: 60 | E17: =COUNTIFS(Dev_sample!M:M,">="&Binning_WOE_IV!C17,Dev_sample!M:M,"<"&Binning_WOE_IV!D17,Dev_sample!U:U,0) -> 79 | F17: =COUNTIFS(Dev_sample!M:M,">="&Binning_WOE_IV!C17,Dev_sample!M:M,"<"&Binning_WOE_IV!D17,Dev_sample!U:U,1) -> 23 | G17: =E17/SUM($E$13:$E$18) -> 0.1628866 | H17: =F17/SUM(($F$13:$F$18)) -> 0.10697674 | I17: =LN(G17/H17) -> 0.42044277 | J17: =(G17-H17)*I17 -> 0.023506894
A18: age | B18: 6 | C18: 60 | E18: =COUNTIFS(Dev_sample!M:M,">="&Binning_WOE_IV!C18,Dev_sample!U:U,0) -> 29 | F18: =COUNTIFS(Dev_sample!M:M,">="&C18,Dev_sample!U:U,1) -> 8 | G18: =E18/SUM($E$13:$E$18) -> 0.059793814 | H18: =F18/SUM(($F$13:$F$18)) -> 0.037209302 | I18: =LN(G18/H18) -> 0.47434343 | J18: =(G18-H18)*I18 -> 0.010712815
A19: installment_commitment | B19: 1 | C19: 1 | D19: 2 | E19: =COUNTIFS(Dev_sample!H:H,">="&Binning_WOE_IV!C19,Dev_sample!H:H,"<"&Binning_WOE_IV!D19,Dev_sample!U:U,0) -> 75 | F19: =COUNTIFS(Dev_sample!H:H,">="&Binning_WOE_IV!C19,Dev_sample!H:H,"<"&Binning_WOE_IV!D19,Dev_sample!U:U,1) -> 28 | G19: =E19/SUM($E$19:$E$21) -> 0.15463918 | H19: =F19/SUM($F$19:$F$21) -> 0.13023256 | I19: =LN(G19/H19) -> 0.17177274 | J19: =(G19-H19)*I19 -> 0.0041923915 | K19: =SUM(J19:J21) -> 0.0050929839 | L19: reject
A20: installment_commitment | B20: 2 | C20: 2 | D20: 3 | E20: =COUNTIFS(Dev_sample!H:H,">="&Binning_WOE_IV!C20,Dev_sample!H:H,"<"&Binning_WOE_IV!D20,Dev_sample!U:U,0) -> 109 | F20: =COUNTIFS(Dev_sample!H:H,">="&Binning_WOE_IV!C20,Dev_sample!H:H,"<"&Binning_WOE_IV!D20,Dev_sample!U:U,1) -> 51 | G20: =E20/SUM($E$19:$E$21) -> 0.22474227 | H20: =F20/SUM($F$19:$F$21) -> 0.2372093 | I20: =LN(G20/H20) -> -0.053988613 | J20: =(G20-H20)*I20 -> 0.00067307789
A21: installment_commitment | B21: 3 | C21: 3 | E21: =COUNTIFS(Dev_sample!H:H,">="&Binning_WOE_IV!C21,Dev_sample!U:U,0) -> 301 | F21: =COUNTIFS(Dev_sample!H:H,">="&Binning_WOE_IV!C21,Dev_sample!U:U,1) -> 136 | G21: =E21/SUM($E$19:$E$21) -> 0.62061856 | H21: =F21/SUM($F$19:$F$21) -> 0.63255814 | I21: =LN(G21/H21) -> -0.019055484 | J21: =(G21-H21)*I21 -> 0.00022751453
A22: residence_since | B22: 1 | C22: 1 | D22: 2 | E22: =COUNTIFS(Dev_sample!K:K,">="&Binning_WOE_IV!C22,Dev_sample!K:K,"<"&Binning_WOE_IV!D22,Dev_sample!U:U,0) -> 63 | F22: =COUNTIFS(Dev_sample!K:K,">="&Binning_WOE_IV!C22,Dev_sample!K:K,"<"&Binning_WOE_IV!D22,Dev_sample!U:U,1) -> 22 | G22: =E22/SUM($E$22:$E$24) -> 0.12989691 | H22: =F22/SUM($F$22:$F$24) -> 0.10232558 | I22: =LN(G22/H22) -> 0.23858141 | J22: =(G22-H22)*I22 -> 0.0065780058 | K22: =SUM(J22:J24) -> 0.011789573 | L22: reject
A23: residence_since | B23: 2 | C23: 2 | D23: 4 | E23: =COUNTIFS(Dev_sample!K:K,">="&Binning_WOE_IV!C23,Dev_sample!K:K,"<"&Binning_WOE_IV!D23,Dev_sample!U:U,0) -> 217 | F23: =COUNTIFS(Dev_sample!K:K,">="&Binning_WOE_IV!C23,Dev_sample!K:K,"<"&Binning_WOE_IV!D23,Dev_sample!U:U,1) -> 106 | G23: =E23/SUM($E$22:$E$24) -> 0.44742268 | H23: =F23/SUM($F$22:$F$24) -> 0.49302326 | I23: =LN(G23/H23) -> -0.097052603 | J23: =(G23-H23)*I23 -> 0.0044256546
A24: residence_since | B24: 3 | C24: 4 | E24: =COUNTIFS(Dev_sample!K:K,">="&Binning_WOE_IV!C24,Dev_sample!U:U,0) -> 205 | F24: =COUNTIFS(Dev_sample!K:K,">="&Binning_WOE_IV!C24,Dev_sample!U:U,1) -> 87 | G24: =E24/SUM($E$22:$E$24) -> 0.42268041 | H24: =F24/SUM($F$22:$F$24) -> 0.40465116 | I24: =LN(G24/H24) -> 0.043590998 | J24: =(G24-H24)*I24 -> 0.00078591298
A25: existing_credits | B25: 1 | C25: 1 | D25: 2 | E25: =COUNTIFS(Dev_sample!P:P,">="&Binning_WOE_IV!C25,Dev_sample!P:P,"<"&Binning_WOE_IV!D25,Dev_sample!U:U,0) -> 313 | F25: =COUNTIFS(Dev_sample!P:P,">="&Binning_WOE_IV!C25,Dev_sample!P:P,"<"&Binning_WOE_IV!D25,Dev_sample!U:U,1) -> 137 | G25: =E25/SUM($E$25:$E$26) -> 0.64536082 | H25: =F25/SUM($F$25:$F$26) -> 0.6372093 | I25: =LN(G25/H25) -> 0.012711402 | J25: =(G25-H25)*I25 -> 0.00010361728 | K25: =SUM(J25:J26) -> 0.00028886236 | L25: reject
A26: existing_credits | B26: 2 | C26: 2 | E26: =COUNTIFS(Dev_sample!P:P,">="&Binning_WOE_IV!C26,Dev_sample!U:U,0) -> 172 | F26: =COUNTIFS(Dev_sample!P:P,">="&Binning_WOE_IV!C26,Dev_sample!U:U,1) -> 78 | G26: =E26/SUM($E$25:$E$26) -> 0.35463918 | H26: =F26/SUM($F$25:$F$26) -> 0.3627907 | I26: =LN(G26/H26) -> -0.022725213 | J26: =(G26-H26)*I26 -> 0.00018524508
A27: num_dependents | B27: 1 | C27: 1 | D27: 2 | E27: =COUNTIFS(Dev_sample!R:R,">="&Binning_WOE_IV!C27,Dev_sample!R:R,"<"&Binning_WOE_IV!D27,Dev_sample!U:U,0) -> 407 | F27: =COUNTIFS(Dev_sample!R:R,">="&Binning_WOE_IV!C27,Dev_sample!R:R,"<"&Binning_WOE_IV!D27,Dev_sample!U:U,1) -> 178 | G27: =E27/SUM($E$27:$E$28) -> 0.83917526 | H27: =F27/SUM($F$27:$F$28) -> 0.82790698 | I27: =LN(G27/H27) -> 0.013518772 | J27: =(G27-H27)*I27 -> 0.00015233333 | K27: =SUM(J27:J28) -> 0.00091542074 | L27: reject
A28: num_dependents | B28: 2 | C28: 2 | E28: =COUNTIFS(Dev_sample!R:R,">="&Binning_WOE_IV!C28,Dev_sample!U:U,0) -> 78 | F28: =COUNTIFS(Dev_sample!R:R,">="&Binning_WOE_IV!C28,Dev_sample!U:U,1) -> 37 | G28: =E28/SUM($E$27:$E$28) -> 0.16082474 | H28: =F28/SUM($F$27:$F$28) -> 0.17209302 | I28: =LN(G28/H28) -> -0.067719949 | J28: =(G28-H28)*I28 -> 0.00076308741
A31: Categorical Variable | B31: Bin | C31: Good | D31: Bad | E31: GoodDist | F31: BadDist | G31: WOE | H31: IV_bin | I31: IV_total | J31: evaluation | K31: RC_GoodDist | L31: RC_BadDist | M31: RC_WOE | N31: RC_IV_bin | O31: RC_IV_total | P31: final evaluation
A32: checking_status | B32: <0 | C32: =COUNTIFS(Dev_sample!A:A,"="&Binning_WOE_IV!B32,Dev_sample!U:U,0) -> 103 | D32: =COUNTIFS(Dev_sample!A:A,"="&Binning_WOE_IV!B32,Dev_sample!U:U,1) -> 90 | E32: =C32/SUM($C$32:$C$35) -> 0.21237113 | F32: =D32/SUM($D$32:$D$35) -> 0.41860465 | G32: =LN(E32/F32) -> -0.67859154 | H32: =(E32-F32)*G32 -> 0.13994832 | I32: =SUM(H32:H35) -> 0.57579092 | J32: accept | K32: =C32/SUM($C$32:$C$34) -> 0.41532258 | L32: =D32/SUM($D$32:$D$34) -> 0.49723757 | M32: =LN(K32/L32) -> -0.1800124 | N32: =(K32-L32)*M32 -> 0.014745713 | O32: =SUM(N32:N34) -> 0.057345018 | P32: accept
A33: checking_status | B33: 0<=X<200 | C33: =COUNTIFS(Dev_sample!A:A,"="&Binning_WOE_IV!B33,Dev_sample!U:U,0) -> 113 | D33: =COUNTIFS(Dev_sample!A:A,"="&Binning_WOE_IV!B33,Dev_sample!U:U,1) -> 79 | E33: =C33/SUM($C$32:$C$35) -> 0.23298969 | F33: =D33/SUM($D$32:$D$35) -> 0.36744186 | G33: =LN(E33/F33) -> -0.4555709 | H33: =(E33-F33)*G33 -> 0.061252496 | K33: =C33/SUM($C$32:$C$34) -> 0.45564516 | L33: =D33/SUM($D$32:$D$34) -> 0.43646409 | M33: =LN(K33/L33) -> 0.043008251 | N33: =(K33-L33)*M33 -> 0.0008249444
A34: checking_status | B34: >=200 | C34: =COUNTIFS(Dev_sample!A:A,"="&Binning_WOE_IV!B34,Dev_sample!U:U,0) -> 32 | D34: =COUNTIFS(Dev_sample!A:A,"="&Binning_WOE_IV!B34,Dev_sample!U:U,1) -> 12 | E34: =C34/SUM($C$32:$C$35) -> 0.065979381 | F34: =D34/SUM($D$32:$D$35) -> 0.055813953 | G34: =LN(E34/F34) -> 0.16731839 | H34: =(E34-F34)*G34 -> 0.001700863 | K34: =C34/SUM($C$32:$C$34) -> 0.12903226 | L34: =D34/SUM($D$32:$D$34) -> 0.066298343 | M34: =LN(K34/L34) -> 0.66589754 | N34: =(K34-L34)*M34 -> 0.04177436
A35: checking_status | B35: no checking | C35: =COUNTIFS(Dev_sample!A:A,"="&Binning_WOE_IV!B35,Dev_sample!U:U,0) -> 237 | D35: =COUNTIFS(Dev_sample!A:A,"="&Binning_WOE_IV!B35,Dev_sample!U:U,1) -> 34 | E35: =C35/SUM($C$32:$C$35) -> 0.48865979 | F35: =D35/SUM($D$32:$D$35) -> 0.15813953 | G35: =LN(E35/F35) -> 1.1281888 | H35: =(E35-F35)*G35 -> 0.37288924
A36: credit_history | B36: critical/other existing credit | C36: =COUNTIFS(Dev_sample!C:C,AF2,Dev_sample!U:U,0) -> 157 | D36: =COUNTIFS(Dev_sample!C:C,AF2,Dev_sample!U:U,1) -> 35 | E36: =C36/SUM($C$36:$C$38) -> 0.32371134 | F36: =D36/SUM($D$36:$D$38) -> 0.1627907 | G36: =LN(E36/F36) -> 0.68738688 | H36: =(E36-F36)*G36 -> 0.11061474 | I36: =SUM(H36:H38) -> 0.27668076 | J36: accept | R36: bin1
A37: credit_history | B37: existing paid + delayed previously | C37: =SUM(COUNTIFS(Dev_sample!C:C,AF3,Dev_sample!U:U,0),COUNTIFS(Dev_sample!C:C,AF4,Dev_sample!U:U,0)) -> 302 | D37: =SUM(COUNTIFS(Dev_sample!C:C,AF3,Dev_sample!U:U,1),COUNTIFS(Dev_sample!C:C,AF4,Dev_sample!U:U,1)) -> 140 | E37: =C37/SUM($C$36:$C$38) -> 0.62268041 | F37: =D37/SUM($D$36:$D$38) -> 0.65116279 | G37: =LN(E37/F37) -> -0.044726268 | H37: =(E37-F37)*G37 -> 0.0012739105 | R37: bin2
A38: credit_history | B38: no credits/all paid + all paid | C38: =SUM(COUNTIFS(Dev_sample!C:C,AF5,Dev_sample!U:U,0),COUNTIFS(Dev_sample!C:C,AF6,Dev_sample!U:U,0)) -> 26 | D38: =SUM(COUNTIFS(Dev_sample!C:C,AF5,Dev_sample!U:U,1),COUNTIFS(Dev_sample!C:C,AF6,Dev_sample!U:U,1)) -> 40 | E38: =C38/SUM($C$36:$C$38) -> 0.053608247 | F38: =D38/SUM($D$36:$D$38) -> 0.18604651 | G38: =LN(E38/F38) -> -1.2442938 | H38: =(E38-F38)*G38 -> 0.16479211 | R38: bin3
A39: purpose | B39: radio/tv + other | C39: =SUM(COUNTIFS(Dev_sample!D:D,AH2,Dev_sample!U:U,0),COUNTIFS(Dev_sample!D:D,Binning_WOE_IV!AH10,Dev_sample!U:U,0)) -> 158 | D39: =SUM(COUNTIFS(Dev_sample!D:D,AH2,Dev_sample!U:U,1),COUNTIFS(Dev_sample!D:D,Binning_WOE_IV!AH10,Dev_sample!U:U,1)) -> 46 | E39: =C39/SUM($C$39:$C$44) -> 0.3257732 | F39: =D39/SUM($D$39:$D$44) -> 0.21395349 | G39: =LN(E39/F39) -> 0.42044277 | H39: =(E39-F39)*G39 -> 0.047013788 | I39: =SUM(H39:H44) -> 0.13223713 | J39: accept | R39: bin1
A40: purpose | B40: education + retraining | C40: =SUM(COUNTIFS(Dev_sample!D:D,AH3,Dev_sample!U:U,0),COUNTIFS(Dev_sample!D:D,Binning_WOE_IV!AH11,Dev_sample!U:U,0)) -> 25 | D40: =SUM(COUNTIFS(Dev_sample!D:D,AH3,Dev_sample!U:U,1),COUNTIFS(Dev_sample!D:D,Binning_WOE_IV!AH11,Dev_sample!U:U,1)) -> 15 | E40: =C40/SUM($C$39:$C$44) -> 0.051546392 | F40: =D40/SUM($D$39:$D$44) -> 0.069767442 | G40: =LN(E40/F40) -> -0.30268524 | H40: =(E40-F40)*G40 -> 0.0055152429 | R40: bin2
A41: purpose | B41: furniture/equipment + domestic appliances | C41: =SUM(COUNTIFS(Dev_sample!D:D,AH4,Dev_sample!U:U,0),COUNTIFS(Dev_sample!D:D,Binning_WOE_IV!AH8,Dev_sample!U:U,0)) -> 98 | D41: =SUM(COUNTIFS(Dev_sample!D:D,AH4,Dev_sample!U:U,1),COUNTIFS(Dev_sample!D:D,Binning_WOE_IV!AH8,Dev_sample!U:U,1)) -> 46 | E41: =C41/SUM($C$39:$C$44) -> 0.20206186 | F41: =D41/SUM($D$39:$D$44) -> 0.21395349 | G41: =LN(E41/F41) -> -0.057184781 | H41: =(E41-F41)*G41 -> 0.00068002041 | R41: bin3
A42: purpose | B42: new car | C42: =COUNTIFS(Dev_sample!D:D,Binning_WOE_IV!B42,Dev_sample!U:U,0) -> 95 | D42: =COUNTIFS(Dev_sample!D:D,Binning_WOE_IV!B42,Dev_sample!U:U,1) -> 61 | E42: =C42/SUM($C$39:$C$44) -> 0.19587629 | F42: =D42/SUM($D$39:$D$44) -> 0.28372093 | G42: =LN(E42/F42) -> -0.37050784 | H42: =(E42-F42)*G42 -> 0.032547128 | R42: bin4
A43: purpose | B43: used car + repairs | C43: =SUM(COUNTIFS(Dev_sample!D:D,AH6,Dev_sample!U:U,0),COUNTIFS(Dev_sample!D:D,Binning_WOE_IV!AH9,Dev_sample!U:U,0)) -> 71 | D43: =SUM(COUNTIFS(Dev_sample!D:D,AH6,Dev_sample!U:U,1),COUNTIFS(Dev_sample!D:D,Binning_WOE_IV!AH9,Dev_sample!U:U,1)) -> 20 | E43: =C43/SUM($C$39:$C$44) -> 0.14639175 | F43: =D43/SUM($D$39:$D$44) -> 0.093023256 | G43: =LN(E43/F43) -> 0.45343674 | H43: =(E43-F43)*G43 -> 0.024199237 | R43: bin5
A44: purpose | B44: business | C44: =COUNTIFS(Dev_sample!D:D,Binning_WOE_IV!B44,Dev_sample!U:U,0) -> 38 | D44: =COUNTIFS(Dev_sample!D:D,Binning_WOE_IV!B44,Dev_sample!U:U,1) -> 27 | E44: =C44/SUM($C$39:$C$44) -> 0.078350515 | F44: =D44/SUM($D$39:$D$44) -> 0.1255814 | G44: =LN(E44/F44) -> -0.47176157 | H44: =(E44-F44)*G44 -> 0.022281714 | R44: bin6
A45: savings_status | B45: no known savings | C45: =COUNTIFS(Dev_sample!F:F,"="&Binning_WOE_IV!B45,Dev_sample!U:U,0) -> 104 | D45: =COUNTIFS(Dev_sample!F:F,"="&Binning_WOE_IV!B45,Dev_sample!U:U,1) -> 23 | E45: =C45/SUM($C$45:$C$48) -> 0.21443299 | F45: =D45/SUM($D$45:$D$48) -> 0.10697674 | G45: =LN(E45/F45) -> 0.69538582 | H45: =(E45-F45)*G45 -> 0.074723549 | I45: =SUM(H45:H48) -> 0.16725356 | J45: accept | R45: bin1
A46: savings_status | B46: <100 | C46: =COUNTIFS(Dev_sample!F:F,"="&Binning_WOE_IV!B46,Dev_sample!U:U,0) -> 268 | D46: =COUNTIFS(Dev_sample!F:F,"="&Binning_WOE_IV!B46,Dev_sample!U:U,1) -> 151 | E46: =C46/SUM($C$45:$C$48) -> 0.55257732 | F46: =D46/SUM($D$45:$D$48) -> 0.70232558 | G46: =LN(E46/F46) -> -0.23980372 | H46: =(E46-F46)*G46 -> 0.03591019 | K46: =C46/SUM($C$46:$C$48) -> 0.70341207 | L46: =D46/SUM($D$46:$D$48) -> 0.78645833 | M46: =LN(K46/L46) -> -0.11159686 | N46: =(K46-L46)*M46 -> 0.0092677018 | O46: =SUM(N46:N48) -> 0.094540876 | P46: accept | R46: bin2
A47: savings_status | B47: 100<=X<500 | C47: =COUNTIFS(Dev_sample!F:F,"="&Binning_WOE_IV!B47,Dev_sample!U:U,0) -> 45 | D47: =COUNTIFS(Dev_sample!F:F,"="&Binning_WOE_IV!B47,Dev_sample!U:U,1) -> 26 | E47: =C47/SUM($C$45:$C$48) -> 0.092783505 | F47: =D47/SUM($D$45:$D$48) -> 0.12093023 | G47: =LN(E47/F47) -> -0.26494491 | H47: =(E47-F47)*G47 -> 0.0074573322 | K47: =C47/SUM($C$46:$C$48) -> 0.11811024 | L47: =D47/SUM($D$46:$D$48) -> 0.13541667 | M47: =LN(K47/L47) -> -0.13673805 | N47: =(K47-L47)*M47 -> 0.0023664476 | R47: bin3
A48: savings_status | B48: 500<=X<1000 + >=1000 | C48: =SUM(COUNTIFS(Dev_sample!F:F,"="&AJ5,Dev_sample!U:U,0),COUNTIFS(Dev_sample!F:F,"="&AJ4,Dev_sample!U:U,0)) -> 68 | D48: =SUM(COUNTIFS(Dev_sample!F:F,"="&Binning_WOE_IV!AJ4,Dev_sample!U:U,1),COUNTIFS(Dev_sample!F:F,"="&Binning_WOE_IV!AJ5,Dev_sample!U:U,1)) -> 15 | E48: =C48/SUM($C$45:$C$48) -> 0.14020619 | F48: =D48/SUM($D$45:$D$48) -> 0.069767442 | G48: =LN(E48/F48) -> 0.69794664 | H48: =(E48-F48)*G48 -> 0.049162485 | K48: =C48/SUM($C$46:$C$48) -> 0.17847769 | L48: =D48/SUM($D$46:$D$48) -> 0.078125 | M48: =LN(K48/L48) -> 0.8261535 | N48: =(K48-L48)*M48 -> 0.082906726 | R48: bin4
A49: employment | B49: unemployed | C49: =COUNTIFS(Dev_sample!G:G,"="&Binning_WOE_IV!B49,Dev_sample!U:U,0) -> 30 | D49: =COUNTIFS(Dev_sample!G:G,"="&Binning_WOE_IV!B49,Dev_sample!U:U,1) -> 15 | E49: =C49/SUM($C$49:$C$52) -> 0.06185567 | F49: =D49/SUM($D$49:$D$52) -> 0.069767442 | G49: =LN(E49/F49) -> -0.12036368 | H49: =(E49-F49)*G49 -> 0.00095228998 | I49: =SUM($H$49:$H$52) -> 0.087671098 | J49: accept | R49: bin1
A50: employment | B50: <1 | C50: =COUNTIFS(Dev_sample!G:G,"="&Binning_WOE_IV!B50,Dev_sample!U:U,0) -> 69 | D50: =COUNTIFS(Dev_sample!G:G,"="&Binning_WOE_IV!B50,Dev_sample!U:U,1) -> 50 | E50: =C50/SUM($C$49:$C$52) -> 0.14226804 | F50: =D50/SUM($D$49:$D$52) -> 0.23255814 | G50: =LN(E50/F50) -> -0.49142736 | H50: =(E50-F50)*G50 -> 0.044371025 | K50: =C50/SUM($C$50:$C$52) -> 0.15164835 | L50: =D50/SUM($D$50:$D$52) -> 0.25 | M50: =LN(K50/L50) -> -0.49989655 | N50: =(K50-L50)*M50 -> 0.04916565 | O50: =SUM(N50:N52) -> 0.092764892 | P50: accept | R50: bin2
A51: employment | B51: 1<=X<4 | C51: =COUNTIFS(Dev_sample!G:G,"="&Binning_WOE_IV!B51,Dev_sample!U:U,0) -> 160 | D51: =COUNTIFS(Dev_sample!G:G,"="&Binning_WOE_IV!B51,Dev_sample!U:U,1) -> 77 | E51: =C51/SUM($C$49:$C$52) -> 0.32989691 | F51: =D51/SUM($D$49:$D$52) -> 0.35813953 | G51: =LN(E51/F51) -> -0.082142469 | H51: =(E51-F51)*G51 -> 0.0023199192 | K51: =C51/SUM($C$50:$C$52) -> 0.35164835 | L51: =D51/SUM($D$50:$D$52) -> 0.385 | M51: =LN(K51/L51) -> -0.090611659 | N51: =(K51-L51)*M51 -> 0.0030220482 | R51: bin3
A52: employment | B52: 4<=X<7 and >=7 | C52: =SUM(COUNTIFS(Dev_sample!G:G,"="&Binning_WOE_IV!AL4,Dev_sample!U:U,0),COUNTIFS(Dev_sample!G:G,"="&Binning_WOE_IV!AL2,Dev_sample!U:U,0)) -> 226 | D52: =SUM(COUNTIFS(Dev_sample!G:G,"="&Binning_WOE_IV!AL4,Dev_sample!U:U,1),COUNTIFS(Dev_sample!G:G,"="&Binning_WOE_IV!AL2,Dev_sample!U:U,1)) -> 73 | E52: =C52/SUM($C$49:$C$52) -> 0.46597938 | F52: =D52/SUM($D$49:$D$52) -> 0.33953488 | G52: =LN(E52/F52) -> 0.3165647 | H52: =(E52-F52)*G52 -> 0.040027864 | K52: =C52/SUM($C$50:$C$52) -> 0.4967033 | L52: =D52/SUM($D$50:$D$52) -> 0.365 | M52: =LN(K52/L52) -> 0.30809551 | N52: =(K52-L52)*M52 -> 0.040577194 | R52: bin4
A53: personal_status | B53: male single | C53: =COUNTIFS(Dev_sample!I:I,Binning_WOE_IV!B53,Dev_sample!U:U,0) -> 292 | D53: =COUNTIFS(Dev_sample!I:I,Binning_WOE_IV!B53,Dev_sample!U:U,1) -> 108 | E53: =C53/SUM($C$53:$C$55) -> 0.60206186 | F53: =D53/SUM($D$53:$D$55) -> 0.50232558 | G53: =LN(E53/F53) -> 0.18111171 | H53: =(E53-F53)*G53 -> 0.018063407 | I53: =SUM(H53:H55) -> 0.04083873 | J53: accept | R53: bin1
A54: personal_status | B54: female div/dep/mar | C54: =COUNTIFS(Dev_sample!I:I,Binning_WOE_IV!B54,Dev_sample!U:U,0) -> 131 | D54: =COUNTIFS(Dev_sample!I:I,Binning_WOE_IV!B54,Dev_sample!U:U,1) -> 71 | E54: =C54/SUM($C$53:$C$55) -> 0.27010309 | F54: =D54/SUM($D$53:$D$55) -> 0.33023256 | G54: =LN(E54/F54) -> -0.20099342 | H54: =(E54-F54)*G54 -> 0.012085627 | R54: bin2
A55: personal_status | B55: male div/sep + male mar/wid | C55: =SUM(COUNTIFS(Dev_sample!I:I,Binning_WOE_IV!AN4,Dev_sample!U:U,0),COUNTIFS(Dev_sample!I:I,Binning_WOE_IV!AN5,Dev_sample!U:U,0)) -> 62 | D55: =SUM(COUNTIFS(Dev_sample!I:I,Binning_WOE_IV!AN4,Dev_sample!U:U,1),COUNTIFS(Dev_sample!I:I,Binning_WOE_IV!AN5,Dev_sample!U:U,1)) -> 36 | E55: =C55/SUM($C$53:$C$55) -> 0.12783505 | F55: =D55/SUM($D$53:$D$55) -> 0.16744186 | G55: =LN(E55/F55) -> -0.26989542 | H55: =(E55-F55)*G55 -> 0.010689696 | R55: bin3
A56: other_parties | B56: none | C56: =COUNTIFS(Dev_sample!J:J,Binning_WOE_IV!B56,Dev_sample!U:U,0) -> 445 | D56: =COUNTIFS(Dev_sample!J:J,Binning_WOE_IV!B56,Dev_sample!U:U,1) -> 192 | E56: =C56/SUM($C$56:$C$57) -> 0.91752577 | F56: =D56/SUM($D$56:$D$57) -> 0.89302326 | G56: =LN(E56/F56) -> 0.027068047 | H56: =(E56-F56)*G56 -> 0.0006632353 | I56: =SUM(H56:H57) -> 0.0070369679 | J56: reject
A57: other_parties | B57: guarantor + co applicant | C57: =SUM(COUNTIFS(Dev_sample!J:J,Binning_WOE_IV!AP3,Dev_sample!U:U,0),COUNTIFS(Dev_sample!J:J,Binning_WOE_IV!AP4,Dev_sample!U:U,0)) -> 40 | D57: =SUM(COUNTIFS(Dev_sample!J:J,Binning_WOE_IV!AP3,Dev_sample!U:U,1),COUNTIFS(Dev_sample!J:J,Binning_WOE_IV!AP4,Dev_sample!U:U,1)) -> 23 | E57: =C57/SUM($C$56:$C$57) -> 0.082474227 | F57: =D57/SUM($D$56:$D$57) -> 0.10697674 | G57: =LN(E57/F57) -> -0.26012562 | H57: =(E57-F57)*G57 -> 0.0063737326
A58: property_magnitude | B58: real estate | C58: =COUNTIFS(Dev_sample!L:L,Binning_WOE_IV!AQ2,Dev_sample!U:U,0) -> 155 | D58: =COUNTIFS(Dev_sample!L:L,Binning_WOE_IV!AQ2,Dev_sample!U:U,1) -> 41 | E58: =C58/SUM($C$58:$C$61) -> 0.31958763 | F58: =D58/SUM($D$58:$D$61) -> 0.19069767 | G58: =LN(E58/F58) -> 0.51634219 | H58: =(E58-F58)*G58 -> 0.066551321 | I58: =SUM(H58:H61) -> 0.12630217 | J58: accept | K58: =C58/SUM($C$58:$C$60) -> 0.36729858 | L58: =D58/SUM($D$58:$D$60) -> 0.24698795 | M58: =LN(K58/L58) -> 0.39683552 | N58: =(K58-L58)*M58 -> 0.047743531 | O58: =SUM(N58:N60) -> 0.072315855 | P58: accept | R58: bin1
A59: property_magnitude | B59: life insurance | C59: =COUNTIFS(Dev_sample!L:L,Binning_WOE_IV!AQ3,Dev_sample!U:U,0) -> 112 | D59: =COUNTIFS(Dev_sample!L:L,Binning_WOE_IV!AQ3,Dev_sample!U:U,1) -> 48 | E59: =C59/SUM($C$58:$C$61) -> 0.23092784 | F59: =D59/SUM($D$58:$D$61) -> 0.22325581 | G59: =LN(E59/F59) -> 0.033786998 | H59: =(E59-F59)*G59 -> 0.00025921456 | K59: =C59/SUM($C$58:$C$60) -> 0.26540284 | L59: =D59/SUM($D$58:$D$60) -> 0.28915663 | M59: =LN(K59/L59) -> -0.085719665 | N59: =(K59-L59)*M59 -> 0.0020361663 | R59: bin2
A60: property_magnitude | B60: car | C60: =COUNTIFS(Dev_sample!L:L,Binning_WOE_IV!AQ5,Dev_sample!U:U,0) -> 155 | D60: =COUNTIFS(Dev_sample!L:L,Binning_WOE_IV!AQ5,Dev_sample!U:U,1) -> 77 | E60: =C60/SUM($C$58:$C$61) -> 0.31958763 | F60: =D60/SUM($D$58:$D$61) -> 0.35813953 | G60: =LN(E60/F60) -> -0.11389117 | H60: =(E60-F60)*G60 -> 0.0043907216 | K60: =C60/SUM($C$58:$C$60) -> 0.36729858 | L60: =D60/SUM($D$58:$D$60) -> 0.46385542 | M60: =LN(K60/L60) -> -0.23339783 | N60: =(K60-L60)*M60 -> 0.022536158 | R60: bin3
A61: property_magnitude | B61: no known property | C61: =COUNTIFS(Dev_sample!L:L,Binning_WOE_IV!AQ4,Dev_sample!U:U,0) -> 63 | D61: =COUNTIFS(Dev_sample!L:L,Binning_WOE_IV!AQ4,Dev_sample!U:U,1) -> 49 | E61: =C61/SUM($C$58:$C$61) -> 0.12989691 | F61: =D61/SUM($D$58:$D$61) -> 0.22790698 | G61: =LN(E61/F61) -> -0.56219643 | H61: =(E61-F61)*G61 -> 0.055100912 | R61: bin4
A62: other_payment_plans | B62: none | C62: =COUNTIFS(Dev_sample!N:N,Binning_WOE_IV!AS2,Dev_sample!U:U,0) -> 416 | D62: =COUNTIFS(Dev_sample!N:N,Binning_WOE_IV!AS2,Dev_sample!U:U,1) -> 162 | E62: =C62/SUM($C$62:$C$63) -> 0.85773196 | F62: =D62/SUM($D$62:$D$63) -> 0.75348837 | G62: =LN(E62/F62) -> 0.12957806 | H62: =(E62-F62)*G62 -> 0.013507682 | I62: =SUM(H62:H63) -> 0.070809993 | J62: accept | R62: bin1
A63: other_payment_plans | B63: bank + stores | C63: =SUM(COUNTIFS(Dev_sample!N:N,Binning_WOE_IV!AS3,Dev_sample!U:U,0),COUNTIFS(Dev_sample!N:N,Binning_WOE_IV!AS4,Dev_sample!U:U,0)) -> 69 | D63: =SUM(COUNTIFS(Dev_sample!N:N,Binning_WOE_IV!AS3,Dev_sample!U:U,1),COUNTIFS(Dev_sample!N:N,Binning_WOE_IV!AS4,Dev_sample!U:U,1)) -> 53 | E63: =C63/SUM($C$62:$C$63) -> 0.14226804 | F63: =D63/SUM($D$62:$D$63) -> 0.24651163 | G63: =LN(E63/F63) -> -0.54969627 | H63: =(E63-F63)*G63 -> 0.057302311 | R63: bin2
A64: housing | B64: own | C64: =COUNTIFS(Dev_sample!O:O,Binning_WOE_IV!AU2,Dev_sample!U:U,0) -> 365 | D64: =COUNTIFS(Dev_sample!O:O,Binning_WOE_IV!AU2,Dev_sample!U:U,1) -> 128 | E64: =C64/SUM($C$64:$C$65) -> 0.75257732 | F64: =D64/SUM($D$64:$D$65) -> 0.59534884 | G64: =LN(E64/F64) -> 0.23435623 | H64: =(E64-F64)*G64 -> 0.036847474 | I64: =SUM(H64:H65) -> 0.11419245 | J64: accept | R64: bin1
A65: housing | B65: for free + rent | C65: =SUM(COUNTIFS(Dev_sample!O:O,Binning_WOE_IV!AU3,Dev_sample!U:U,0),COUNTIFS(Dev_sample!O:O,Binning_WOE_IV!AU4,Dev_sample!U:U,0)) -> 120 | D65: =SUM(COUNTIFS(Dev_sample!O:O,Binning_WOE_IV!AU3,Dev_sample!U:U,1),COUNTIFS(Dev_sample!O:O,Binning_WOE_IV!AU4,Dev_sample!U:U,1)) -> 87 | E65: =C65/SUM($C$64:$C$65) -> 0.24742268 | F65: =D65/SUM($D$64:$D$65) -> 0.40465116 | G65: =LN(E65/F65) -> -0.49192724 | H65: =(E65-F65)*G65 -> 0.077344973 | R65: bin2
A66: job | B66: unemp/unskilled non res | C66: =COUNTIFS(Dev_sample!Q:Q,Binning_WOE_IV!AW5,Dev_sample!U:U,0) -> 11 | D66: =COUNTIFS(Dev_sample!Q:Q,Binning_WOE_IV!AW5,Dev_sample!U:U,1) -> 5 | E66: =C66/SUM($C$66:$C$69) -> 0.022680412 | F66: =D66/SUM($D$66:$D$69) -> 0.023255814 | G66: =LN(E66/F66) -> -0.025053502 | H66: =(E66-F66)*G66 -> 1.4415825e-05 | I66: =SUM($H$66:$H$69) -> 0.0089626688 | J66: reject
A67: job | B67: unskilled resident | C67: =COUNTIFS(Dev_sample!Q:Q,Binning_WOE_IV!AW3,Dev_sample!U:U,0) -> 100 | D67: =COUNTIFS(Dev_sample!Q:Q,Binning_WOE_IV!AW3,Dev_sample!U:U,1) -> 42 | E67: =C67/SUM($C$66:$C$69) -> 0.20618557 | F67: =D67/SUM($D$66:$D$69) -> 0.19534884 | G67: =LN(E67/F67) -> 0.053989705 | H67: =(E67-F67)*G67 -> 0.00058507184
A68: job | B68: skilled | C68: =COUNTIFS(Dev_sample!Q:Q,Binning_WOE_IV!AW2,Dev_sample!U:U,0) -> 307 | D68: =COUNTIFS(Dev_sample!Q:Q,Binning_WOE_IV!AW2,Dev_sample!U:U,1) -> 131 | E68: =C68/SUM($C$66:$C$69) -> 0.63298969 | F68: =D68/SUM($D$66:$D$69) -> 0.60930233 | G68: =LN(E68/F68) -> 0.038139562 | H68: =(E68-F68)*G68 -> 0.00090342572
A69: job | B69: high qualif/self emp/mgmt | C69: =COUNTIFS(Dev_sample!Q:Q,Binning_WOE_IV!AW4,Dev_sample!U:U,0) -> 67 | D69: =COUNTIFS(Dev_sample!Q:Q,Binning_WOE_IV!AW4,Dev_sample!U:U,1) -> 37 | E69: =C69/SUM($C$66:$C$69) -> 0.13814433 | F69: =D69/SUM($D$66:$D$69) -> 0.17209302 | G69: =LN(E69/F69) -> -0.21973616 | H69: =(E69-F69)*G69 -> 0.0074597554
A70: own_telephone | B70: yes | C70: =COUNTIFS(Dev_sample!S:S,Binning_WOE_IV!B70,Dev_sample!U:U,0) -> 198 | D70: =COUNTIFS(Dev_sample!S:S,Binning_WOE_IV!B70,Dev_sample!U:U,1) -> 84 | E70: =C70/SUM($C$70:$C$71) -> 0.40824742 | F70: =D70/SUM($D$70:$D$71) -> 0.39069767 | G70: =LN(E70/F70) -> 0.043939369 | H70: =(E70-F70)*G70 -> 0.00077112487 | I70: =SUM(H70:H71) -> 0.0012840333 | J70: reject
A71: own_telephone | B71: none | C71: =COUNTIFS(Dev_sample!S:S,Binning_WOE_IV!B71,Dev_sample!U:U,0) -> 287 | D71: =COUNTIFS(Dev_sample!S:S,Binning_WOE_IV!B71,Dev_sample!U:U,1) -> 131 | E71: =C71/SUM($C$70:$C$71) -> 0.59175258 | F71: =D71/SUM($D$70:$D$71) -> 0.60930233 | G71: =LN(E71/F71) -> -0.02922597 | H71: =(E71-F71)*G71 -> 0.00051290842
A72: foreign_worker | B72: yes | C72: =COUNTIFS(Dev_sample!T:T,Binning_WOE_IV!B72,Dev_sample!U:U,0) -> 461 | D72: =COUNTIFS(Dev_sample!T:T,Binning_WOE_IV!B72,Dev_sample!U:U,1) -> 212 | E72: =C72/SUM($C$72:$C$73) -> 0.95051546 | F72: =D72/SUM($D$72:$D$73) -> 0.98604651 | G72: =LN(E72/F72) -> -0.036699094 | H72: =(E72-F72)*G72 -> 0.0013039573 | I72: =SUM(H72:H73) -> 0.046283801 | J72: reject
A73: foreign_worker | B73: no | C73: =COUNTIFS(Dev_sample!T:T,Binning_WOE_IV!B73,Dev_sample!U:U,0) -> 24 | D73: =COUNTIFS(Dev_sample!T:T,Binning_WOE_IV!B73,Dev_sample!U:U,1) -> 3 | E73: =C73/SUM($C$72:$C$73) -> 0.049484536 | F73: =D73/SUM($D$72:$D$73) -> 0.013953488 | G73: =LN(E73/F73) -> 1.2659307 | H73: =(E73-F73)*G73 -> 0.044979843

Sheet TRAIN_DATA
A1: checking_status | B1: duration | C1: credit_history | D1: purpose | E1: credit_amount | F1: savings_status | G1: employment | H1: installment_commitment | I1: personal_status | J1: other_parties | K1: residence_since | L1: property_magnitude | M1: age | N1: other_payment_plans | O1: housing | P1: existing_credits | Q1: job | R1: num_dependents | S1: own_telephone | T1: foreign_worker | U1: class | V1: duration_WOE | W1: credit_amount_WOE | X1: age_WOE | Y1: checking_status_WOE | Z1: credit_history_WOE | AA1: purpose_WOE | AB1: savings_status_WOE | AC1: employment_WOE | AD1: personal_status_WOE | AE1: property_magnitude_WOE | AF1: other_payments_plans_WOE | AG1: housing_WOE | AH1: duration_beta | AI1: credit_amount_beta | AJ1: age_beta | AK1: checking_status_beta | AL1: credit_history_beta | AM1: purpose_beta | AN1: savings_status_beta | AO1: employment_beta | AP1: personal_status_beta | AQ1: property_magnitude_beta | AR1: other_payments_plans_beta | AS1: housing_beta | AT1: LOGIT_PRED | AU1: Probability_of_Default | AV1: Log_Loss | AW1: GOOD_FLAG | AX1: BAD_FLAG | AY1: CUM_GOOD | AZ1: CUM_BAD | BA1: CUM_GOOD % | BB1: CUM_BAD % | BC1: KS | BD1: True_Positive_Rate | BE1: False_Positive_Rate | BF1: duration_score | BG1: credit_amount_score | BH1: age_score | BI1: checking_status_score | BJ1: credit_history_score | BK1: purpose_score | BL1: savings_status_score | BM1: employment_score | BN1: personal_status_score | BO1: property_magnitude_score | BP1: other_payments_plans_score | BQ1: housing_score | BR1: SCORE | BS1: Decision | BT1: Decision_num
A2: 0<=X<200 | B2: 54 | C2: no credits/all paid | D2: business | E2: 15945 | F2: <100 | G2: <1 | H2: 3 | I2: male single | J2: none | K2: 4 | L2: no known property | M2: 58 | N2: none | O2: rent | P2: 1 | Q2: skilled | R2: 1 | S2: yes | T2: yes | U2: 1 | V2: =_xlfn.XLOOKUP(B2,Binning_WOE_IV!$C$2:$C$6,Binning_WOE_IV!$I$2:$I$6,"not found",-1) -> -0.94704226 | W2: =_xlfn.XLOOKUP(E2,Binning_WOE_IV!$C$7:$C$12,Binning_WOE_IV!$I$7:$I$12,"not found",-1) -> -0.98786425 | X2: =_xlfn.XLOOKUP(M2,Binning_WOE_IV!$C$13:$C$18,Binning_WOE_IV!$I$13:$I$18,"not found",-1) -> 0.42044277 | Y2: =_xlfn.XLOOKUP(A2,Binning_WOE_IV!$B$32:$B$35,Binning_WOE_IV!$G$32:$G$35,"not found",0) -> -0.4555709 | Z2: =_xlfn.XLOOKUP(_xlfn.XLOOKUP(C2,Binning_WOE_IV!$AF$2:$AF$6,Binning_WOE_IV!$AG$2:$AG$6,"not found",0),Binning_WOE_IV!$R$36:$R$38,Binning_WOE_IV!$G$36:$G$38,"not found",0) -> -1.2442938 | AA2: {=_xlfn.SWITCH(D2,"radio/tv",Binning_WOE_IV!$G$39,"other",Binning_WOE_IV!$G$39,"education",Binning_WOE_IV!$G$40,"retraining",Binning_WOE_IV!$G$40,"furniture/equipment",Binning_WOE_IV!$G$41,"domestic appliance",Binning_WOE_IV!$G$41,"new car",Binning_WOE_IV!$G$42,"used car",Binning_WOE_IV!$G$43,"repairs",Binning_WOE_IV!$G$43,"business",Binning_WOE_IV!$G$44,"not found")} -> -0.47176157 | AB2: =_xlfn.LET(_xlpm.b,_xlfn.XLOOKUP(F2,Binning_WOE_IV!$AJ$2:$AJ$6,Binning_WOE_IV!$AK$2:$AK$6,"not found",0),IF(_xlpm.b="bin1",_xlfn.XLOOKUP(_xlpm.b,Binning_WOE_IV!$R$45:$R$48,Binning_WOE_IV!$G$45:$G$48,"not found",0),_xlfn.XLOOKUP(_xlpm.b,Binning_WOE_IV!$R$45:$R$48,Binning_WOE_IV!$G$45:$G$48,"not found",0))) -> -0.23980372 | AC2: =_xlfn.LET(_xlpm.b,_xlfn.XLOOKUP(G2,Binning_WOE_IV!$AL$2:$AL$6,Binning_WOE_IV!$AM$2:$AM$6,"not found",0),IF(_xlpm.b="bin1",_xlfn.XLOOKUP(_xlpm.b,Binning_WOE_IV!$R$49:$R$52,Binning_WOE_IV!$G$49:$G$52,"not found",0),_xlfn.XLOOKUP(_xlpm.b,Binning_WOE_IV!$R$49:$R$52,Binning_WOE_IV!$G$49:$G$52,"not found",0))) -> -0.49142736 | AD2: =_xlfn.XLOOKUP(_xlfn.XLOOKUP(I2,Binning_WOE_IV!$AN$2:$AN$5,Binning_WOE_IV!$AO$2:$AO$5,"not found",0),Binning_WOE_IV!$R$53:$R$55,Binning_WOE_IV!$G$53:$G$55,"not found",0) -> 0.18111171 | AE2: =_xlfn.LET(_xlpm.b,_xlfn.XLOOKUP(L2,Binning_WOE_IV!$AQ$2:$AQ$5,Binning_WOE_IV!$AR$2:$AR$5,"not found",0),IF(_xlpm.b="bin4",_xlfn.XLOOKUP(_xlpm.b,Binning_WOE_IV!$R$58:$R$61,Binning_WOE_IV!$G$58:$G$61,"not found",0),_xlfn.XLOOKUP(_xlpm.b,Binning_WOE_IV!$R$58:$R$61,Binning_WOE_IV!$G$58:$G$61,"not found",0))) -> -0.56219643 | AF2: =_xlfn.XLOOKUP(_xlfn.XLOOKUP(N2,Binning_WOE_IV!$AS$2:$AS$4,Binning_WOE_IV!$AT$2:$AT$4,"not found",0),Binning_WOE_IV!$R$62:$R$63,Binning_WOE_IV!$G$62:$G$63,"not found",0) -> 0.12957806 | AG2: =_xlfn.XLOOKUP(_xlfn.XLOOKUP(O2,Binning_WOE_IV!$AU$2:$AU$4,Binning_WOE_IV!$AV$2:$AV$4,"not found",0),Binning_WOE_IV!$R$64:$R$65,Binning_WOE_IV!$G$64:$G$65,"not found",0) -> -0.49192724 | AH2: =V2*TRAIN_SUMMARY!$C$3 -> 0.74681908 | AI2: =W2*TRAIN_SUMMARY!$C$4 -> 0.49301773 | AJ2: =X2*TRAIN_SUMMARY!$C$5 -> -0.26777415 | AK2: =Y2*TRAIN_SUMMARY!$C$6 -> 0.3570927 | AL2: =Z2*TRAIN_SUMMARY!$C$7 -> 0.68384 | AM2: =AA2*TRAIN_SUMMARY!$C$8 -> 0.48833778 | AN2: =AB2*TRAIN_SUMMARY!$C$9 -> 0.17108449 | AO2: =AC2*TRAIN_SUMMARY!$C$10 -> 0.28670892 | AP2: =AD2*TRAIN_SUMMARY!$C$11 -> -0.21458248 | AQ2: =AE2*TRAIN_SUMMARY!$C$12 -> 0.30495501 | AR2: =AF2*TRAIN_SUMMARY!$C$13 -> -0.079424742 | AS2: =AG2*TRAIN_SUMMARY!$C$14 -> 0.186008 | AT2: =TRAIN_SUMMARY!$C$2+SUM(AH2:AS2) -> 2.3346815 | AU2: =1/(1+EXP(-AT2)) -> 0.91170891 | AV2: =-((U2*LN(AU2))+(1-U2)*LN(1-AU2)) -> 0.092434521 | AW2: =IF(U2=0,1,0) -> 0 | AX2: =IF(U2=1,1,0) -> 1 | AY2: =AW2 -> 0 | AZ2: =AX2 -> 1 | BA2: =AY2/SUM($AW$2:$AW$701) -> 0 | BB2: =AZ2/SUM($AX$2:$AX$701) -> 0.0046511628 | BC2: =ABS(BA2-BB2) -> 0.0046511628 | BD2: =BB2 -> 0.0046511628 | BE2: =BA2 -> 0 | BF2: =VLOOKUP(AH2,POINTS_TABLE!$D$2:$E$6,2,FALSE) -> 32.322965 | BG2: =VLOOKUP(AI2,POINTS_TABLE!$D$7:$E$12,2,FALSE) -> 21.338227 | BH2: =VLOOKUP(AJ2,POINTS_TABLE!$D$13:$E$18,2,FALSE) -> -11.589493 | BI2: =VLOOKUP(AK2,POINTS_TABLE!$D$21:$E$24,2,FALSE) -> 15.455276 | BJ2: =VLOOKUP(AL2,POINTS_TABLE!$D$25:$E$27,2,FALSE) -> 29.597177 | BK2: =VLOOKUP(AM2,POINTS_TABLE!$D$28:$E$33,2,FALSE) -> 21.135675 | BL2: =VLOOKUP(AN2,POINTS_TABLE!$D$34:$E$37,2,FALSE) -> 7.4046822 | BM2: =VLOOKUP(AO2,POINTS_TABLE!$D$38:$E$41,2,FALSE) -> 12.409006 | BN2: =VLOOKUP(AP2,POINTS_TABLE!$D$42:$E$44,2,FALSE) -> -9.2873124 | BO2: =VLOOKUP(AQ2,POINTS_TABLE!$D$45:$E$48,2,FALSE) -> 13.198713 | BP2: =VLOOKUP(AR2,POINTS_TABLE!$D$49:$E$50,2,FALSE) -> -3.4375704 | BQ2: =VLOOKUP(AS2,POINTS_TABLE!$D$51:$E$52,2,FALSE) -> 8.0505844 | BR2: =ROUND(SCORECARD_SCALLING!$C$6-SUM(BF2:BQ2)-TRAIN_SUMMARY!$C$2*SCORECARD_SCALLING!$C$5,0) -> 369 | BS2: =IF(BR2>=580,"Accept",IF(AND(BR2>=500,BR2<580),"Manual review","Reject")) -> Reject | BT2: =IF(BS2="Reject",1,IF(BS2="Manual review",2,3)) -> 1
A3: 0<=X<200 | B3: 48 | C3: no credits/all paid | D3: business | E3: 14421 | F3: <100 | G3: 1<=X<4 | H3: 2 | I3: male single | J3: none | K3: 2 | L3: car | M3: 25 | N3: none | O3: own | P3: 1 | Q3: skilled | R3: 1 | S3: yes | T3: yes | U3: 1 | V3: =_xlfn.XLOOKUP(B3,Binning_WOE_IV!$C$2:$C$6,Binning_WOE_IV!$I$2:$I$6,"not found",-1) -> -0.94704226 | W3: =_xlfn.XLOOKUP(E3,Binning_WOE_IV!$C$7:$C$12,Binning_WOE_IV!$I$7:$I$12,"not found",-1) -> -0.98786425 | X3: =_xlfn.XLOOKUP(M3,Binning_WOE_IV!$C$13:$C$18,Binning_WOE_IV!$I$13:$I$18,"not found",-1) -> -0.40221483 | Y3: =_xlfn.XLOOKUP(A3,Binning_WOE_IV!$B$32:$B$35,Binning_WOE_IV!$G$32:$G$35,"not found",0) -> -0.4555709 | Z3: =_xlfn.XLOOKUP(_xlfn.XLOOKUP(C3,Binning_WOE_IV!$AF$2:$AF$6,Binning_WOE_IV!$AG$2:$AG$6,"not found",0),Binning_WOE_IV!$R$36:$R$38,Binning_WOE_IV!$G$36:$G$38,"not found",0) -> -1.2442938 | AA3: {=_xlfn.SWITCH(D3,"radio/tv",Binning_WOE_IV!$G$39,"other",Binning_WOE_IV!$G$39,"education",Binning_WOE_IV!$G$40,"retraining",Binning_WOE_IV!$G$40,"furniture/equipment",Binning_WOE_IV!$G$41,"domestic appliance",Binning_WOE_IV!$G$41,"new car",Binning_WOE_IV!$G$42,"used car",Binning_WOE_IV!$G$43,"repairs",Binning_WOE_IV!$G$43,"business",Binning_WOE_IV!$G$44,"not found")} -> -0.47176157 | AB3: =_xlfn.LET(_xlpm.b,_xlfn.XLOOKUP(F3,Binning_WOE_IV!$AJ$2:$AJ$6,Binning_WOE_IV!$AK$2:$AK$6,"not found",0),IF(_xlpm.b="bin1",_xlfn.XLOOKUP(_xlpm.b,Binning_WOE_IV!$R$45:$R$48,Binning_WOE_IV!$G$45:$G$48,"not found",0),_xlfn.XLOOKUP(_xlpm.b,Binning_WOE_IV!$R$45:$R$48,Binning_WOE_IV!$G$45:$G$48,"not found",0))) -> -0.23980372 | AC3: =_xlfn.LET(_xlpm.b,_xlfn.XLOOKUP(G3,Binning_WOE_IV!$AL$2:$AL$6,Binning_WOE_IV!$AM$2:$AM$6,"not found",0),IF(_xlpm.b="bin1",_xlfn.XLOOKUP(_xlpm.b,Binning_WOE_IV!$R$49:$R$52,Binning_WOE_IV!$G$49:$G$52,"not found",0),_xlfn.XLOOKUP(_xlpm.b,Binning_WOE_IV!$R$49:$R$52,Binning_WOE_IV!$G$49:$G$52,"not found",0))) -> -0.082142469 | AD3: =_xlfn.XLOOKUP(_xlfn.XLOOKUP(I3,Binning_WOE_IV!$AN$2:$AN$5,Binning_WOE_IV!$AO$2:$AO$5,"not found",0),Binning_WOE_IV!$R$53:$R$55,Binning_WOE_IV!$G$53:$G$55,"not found",0) -> 0.18111171 | AE3: =_xlfn.LET(_xlpm.b,_xlfn.XLOOKUP(L3,Binning_WOE_IV!$AQ$2:$AQ$5,Binning_WOE_IV!$AR$2:$AR$5,"not found",0),IF(_xlpm.b="bin4",_xlfn.XLOOKUP(_xlpm.b,Binning_WOE_IV!$R$58:$R$61,Binning_WOE_IV!$G$58:$G$61,"not found",0),_xlfn.XLOOKUP(_xlpm.b,Binning_WOE_IV!$R$58:$R$61,Binning_WOE_IV!$G$58:$G$61,"not found",0))) -> -0.11389117 | AF3: =_xlfn.XLOOKUP(_xlfn.XLOOKUP(N3,Binning_WOE_IV!$AS$2:$AS$4,Binning_WOE_IV!$AT$2:$AT$4,"not found",0),Binning_WOE_IV!$R$62:$R$63,Binning_WOE_IV!$G$62:$G$63,"not found",0) -> 0.12957806 | AG3: =_xlfn.XLOOKUP(_xlfn.XLOOKUP(O3,Binning_WOE_IV!$AU$2:$AU$4,Binning_WOE_IV!$AV$2:$AV$4,"not found",0),Binning_WOE_IV!$R$64:$R$65,Binning_WOE_IV!$G$64:$G$65,"not found",0) -> 0.23435623 | AH3: =V3*TRAIN_SUMMARY!$C$3 -> 0.74681908 | AI3: =W3*TRAIN_SUMMARY!$C$4 -> 0.49301773 | AJ3: =X3*TRAIN_SUMMARY!$C$5 -> 0.25616503 | AK3: =Y3*TRAIN_SUMMARY!$C$6 -> 0.3570927 | AL3: =Z3*TRAIN_SUMMARY!$C$7 -> 0.68384 | AM3: =AA3*TRAIN_SUMMARY!$C$8 -> 0.48833778 | AN3: =AB3*TRAIN_SUMMARY!$C$9 -> 0.17108449 | AO3: =AC3*TRAIN_SUMMARY!$C$10 -> 0.047923621 | AP3: =AD3*TRAIN_SUMMARY!$C$11 -> -0.21458248 | AQ3: =AE3*TRAIN_SUMMARY!$C$12 -> 0.061778554 | AR3: =AF3*TRAIN_SUMMARY!$C$13 -> -0.079424742 | AS3: =AG3*TRAIN_SUMMARY!$C$14 -> -0.088615 | AT3: =TRAIN_SUMMARY!$C$2+SUM(AH3:AS3) -> 2.102036 | AU3: =1/(1+EXP(-AT3)) -> 0.89110091 | AV3: =-((U3*LN(AU3))+(1-U3)*LN(1-AU3)) -> 0.11529761 | AW3: =IF(U3=0,1,0) -> 0 | AX3: =IF(U3=1,1,0) -> 1 | AY3: =AY2+AW3 -> 0 | AZ3: =AZ2+AX3 -> 2 | BA3: =AY3/SUM($AW$2:$AW$701) -> 0 | BB3: =AZ3/SUM($AX$2:$AX$701) -> 0.0093023256 | BC3: =ABS(BA3-BB3) -> 0.0093023256 | BD3: =BB3 -> 0.0093023256 | BE3: =BA3 -> 0 | BF3: =VLOOKUP(AH3,POINTS_TABLE!$D$2:$E$6,2,FALSE) -> 32.322965 | BG3: =VLOOKUP(AI3,POINTS_TABLE!$D$7:$E$12,2,FALSE) -> 21.338227 | BH3: =VLOOKUP(AJ3,POINTS_TABLE!$D$13:$E$18,2,FALSE) -> 11.087041 | BI3: =VLOOKUP(AK3,POINTS_TABLE!$D$21:$E$24,2,FALSE) -> 15.455276 | BJ3: =VLOOKUP(AL3,POINTS_TABLE!$D$25:$E$27,2,FALSE) -> 29.597177 | BK3: =VLOOKUP(AM3,POINTS_TABLE!$D$28:$E$33,2,FALSE) -> 21.135675 | BL3: =VLOOKUP(AN3,POINTS_TABLE!$D$34:$E$37,2,FALSE) -> 7.4046822 | BM3: =VLOOKUP(AO3,POINTS_TABLE!$D$38:$E$41,2,FALSE) -> 2.0741751 | BN3: =VLOOKUP(AP3,POINTS_TABLE!$D$42:$E$44,2,FALSE) -> -9.2873124 | BO3: =VLOOKUP(AQ3,POINTS_TABLE!$D$45:$E$48,2,FALSE) -> 2.6738284 | BP3: =VLOOKUP(AR3,POINTS_TABLE!$D$49:$E$50,2,FALSE) -> -3.4375704 | BQ3: =VLOOKUP(AS3,POINTS_TABLE!$D$51:$E$52,2,FALSE) -> -3.8353326 | BR3: =ROUND(SCORECARD_SCALLING!$C$6-SUM(BF3:BQ3)-TRAIN_SUMMARY!$C$2*SCORECARD_SCALLING!$C$5,0) -> 379 | BS3: =IF(BR3>=580,"Accept",IF(AND(BR3>=500,BR3<580),"Manual review","Reject")) -> Reject | BT3: =IF(BS3="Reject",1,IF(BS3="Manual review",2,3)) -> 1
A4: <0 | B4: 48 | C4: existing paid | D4: business | E4: 4308 | F4: <100 | G4: <1 | H4: 3 | I4: female div/dep/mar | J4: none | K4: 4 | L4: life insurance | M4: 24 | N4: none | O4: rent | P4: 1 | Q4: skilled | R4: 1 | S4: none | T4: yes | U4: 1 | V4: =_xlfn.XLOOKUP(B4,Binning_WOE_IV!$C$2:$C$6,Binning_WOE_IV!$I$2:$I$6,"not found",-1) -> -0.94704226 | W4: =_xlfn.XLOOKUP(E4,Binning_WOE_IV!$C$7:$C$12,Binning_WOE_IV!$I$7:$I$12,"not found",-1) -> 0.043939369 | X4: =_xlfn.XLOOKUP(M4,Binning_WOE_IV!$C$13:$C$18,Binning_WOE_IV!$I$13:$I$18,"not found",-1) -> -0.40221483 | Y4: =_xlfn.XLOOKUP(A4,Binning_WOE_IV!$B$32:$B$35,Binning_WOE_IV!$G$32:$G$35,"not found",0) -> -0.67859154 | Z4: =_xlfn.XLOOKUP(_xlfn.XLOOKUP(C4,Binning_WOE_IV!$AF$2:$AF$6,Binning_WOE_IV!$AG$2:$AG$6,"not found",0),Binning_WOE_IV!$R$36:$R$38,Binning_WOE_IV!$G$36:$G$38,"not found",0) -> -0.044726268 | AA4: {=_xlfn.SWITCH(D4,"radio/tv",Binning_WOE_IV!$G$39,"other",Binning_WOE_IV!$G$39,"education",Binning_WOE_IV!$G$40,"retraining",Binning_WOE_IV!$G$40,"furniture/equipment",Binning_WOE_IV!$G$41,"domestic appliance",Binning_WOE_IV!$G$41,"new car",Binning_WOE_IV!$G$42,"used car",Binning_WOE_IV!$G$43,"repairs",Binning_WOE_IV!$G$43,"business",Binning_WOE_IV!$G$44,"not found")} -> -0.47176157 | AB4: =_xlfn.LET(_xlpm.b,_xlfn.XLOOKUP(F4,Binning_WOE_IV!$AJ$2:$AJ$6,Binning_WOE_IV!$AK$2:$AK$6,"not found",0),IF(_xlpm.b="bin1",_xlfn.XLOOKUP(_xlpm.b,Binning_WOE_IV!$R$45:$R$48,Binning_WOE_IV!$G$45:$G$48,"not found",0),_xlfn.XLOOKUP(_xlpm.b,Binning_WOE_IV!$R$45:$R$48,Binning_WOE_IV!$G$45:$G$48,"not found",0))) -> -0.23980372 | AC4: =_xlfn.LET(_xlpm.b,_xlfn.XLOOKUP(G4,Binning_WOE_IV!$AL$2:$AL$6,Binning_WOE_IV!$AM$2:$AM$6,"not found",0),IF(_xlpm.b="bin1",_xlfn.XLOOKUP(_xlpm.b,Binning_WOE_IV!$R$49:$R$52,Binning_WOE_IV!$G$49:$G$52,"not found",0),_xlfn.XLOOKUP(_xlpm.b,Binning_WOE_IV!$R$49:$R$52,Binning_WOE_IV!$G$49:$G$52,"not found",0))) -> -0.49142736 | AD4: =_xlfn.XLOOKUP(_xlfn.XLOOKUP(I4,Binning_WOE_IV!$AN$2:$AN$5,Binning_WOE_IV!$AO$2:$AO$5,"not found",0),Binning_WOE_IV!$R$53:$R$55,Binning_WOE_IV!$G$53:$G$55,"not found",0) -> -0.20099342 | AE4: =_xlfn.LET(_xlpm.b,_xlfn.XLOOKUP(L4,Binning_WOE_IV!$AQ$2:$AQ$5,Binning_WOE_IV!$AR$2:$AR$5,"not found",0),IF(_xlpm.b="bin4",_xlfn.XLOOKUP(_xlpm.b,Binning_WOE_IV!$R$58:$R$61,Binning_WOE_IV!$G$58:$G$61,"not found",0),_xlfn.XLOOKUP(_xlpm.b,Binning_WOE_IV!$R$58:$R$61,Binning_WOE_IV!$G$58:$G$61,"not found",0))) -> 0.033786998 | AF4: =_xlfn.XLOOKUP(_xlfn.XLOOKUP(N4,Binning_WOE_IV!$AS$2:$AS$4,Binning_WOE_IV!$AT$2:$AT$4,"not found",0),Binning_WOE_IV!$R$62:$R$63,Binning_WOE_IV!$G$62:$G$63,"not found",0) -> 0.12957806 | AG4: =_xlfn.XLOOKUP(_xlfn.XLOOKUP(O4,Binning_WOE_IV!$AU$2:$AU$4,Binning_WOE_IV!$AV$2:$AV$4,"not found",0),Binning_WOE_IV!$R$64:$R$65,Binning_WOE_IV!$G$64:$G$65,"not found",0) -> -0.49192724 | AH4: =V4*TRAIN_SUMMARY!$C$3 -> 0.74681908 | AI4: =W4*TRAIN_SUMMARY!$C$4 -> -0.021929013 | AJ4: =X4*TRAIN_SUMMARY!$C$5 -> 0.25616503 | AK4: =Y4*TRAIN_SUMMARY!$C$6 -> 0.53190423 | AL4: =Z4*TRAIN_SUMMARY!$C$7 -> 0.024580699 | AM4: =AA4*TRAIN_SUMMARY!$C$8 -> 0.48833778 | AN4: =AB4*TRAIN_SUMMARY!$C$9 -> 0.17108449 | AO4: =AC4*TRAIN_SUMMARY!$C$10 -> 0.28670892 | AP4: =AD4*TRAIN_SUMMARY!$C$11 -> 0.23813847 | AQ4: =AE4*TRAIN_SUMMARY!$C$12 -> -0.018327249 | AR4: =AF4*TRAIN_SUMMARY!$C$13 -> -0.079424742 | AS4: =AG4*TRAIN_SUMMARY!$C$14 -> 0.186008 | AT4: =TRAIN_SUMMARY!$C$2+SUM(AH4:AS4) -> 1.9886649 | AU4: =1/(1+EXP(-AT4)) -> 0.87960182 | AV4: =-((U4*LN(AU4))+(1-U4)*LN(1-AU4)) -> 0.12828596 | AW4: =IF(U4=0,1,0) -> 0 | AX4: =IF(U4=1,1,0) -> 1 | AY4: =AY3+AW4 -> 0 | AZ4: =AZ3+AX4 -> 3 | BA4: =AY4/SUM($AW$2:$AW$701) -> 0 | BB4: =AZ4/SUM($AX$2:$AX$701) -> 0.013953488 | BC4: =ABS(BA4-BB4) -> 0.013953488 | BD4: =BB4 -> 0.013953488 | BE4: =BA4 -> 0 | BF4: =VLOOKUP(AH4,POINTS_TABLE!$D$2:$E$6,2,FALSE) -> 32.322965 | BG4: =VLOOKUP(AI4,POINTS_TABLE!$D$7:$E$12,2,FALSE) -> -0.94910635 | BH4: =VLOOKUP(AJ4,POINTS_TABLE!$D$13:$E$18,2,FALSE) -> 11.087041 | BI4: =VLOOKUP(AK4,POINTS_TABLE!$D$21:$E$24,2,FALSE) -> 23.021268 | BJ4: =VLOOKUP(AL4,POINTS_TABLE!$D$25:$E$27,2,FALSE) -> 1.0638736 | BK4: =VLOOKUP(AM4,POINTS_TABLE!$D$28:$E$33,2,FALSE) -> 21.135675 | BL4: =VLOOKUP(AN4,POINTS_TABLE!$D$34:$E$37,2,FALSE) -> 7.4046822 | BM4: =VLOOKUP(AO4,POINTS_TABLE!$D$38:$E$41,2,FALSE) -> 12.409006 | BN4: =VLOOKUP(AP4,POINTS_TABLE!$D$42:$E$44,2,FALSE) -> 10.306836 | BO4: =VLOOKUP(AQ4,POINTS_TABLE!$D$45:$E$48,2,FALSE) -> -0.79321896 | BP4: =VLOOKUP(AR4,POINTS_TABLE!$D$49:$E$50,2,FALSE) -> -3.4375704 | BQ4: =VLOOKUP(AS4,POINTS_TABLE!$D$51:$E$52,2,FALSE) -> 8.0505844 | BR4: =ROUND(SCORECARD_SCALLING!$C$6-SUM(BF4:BQ4)-TRAIN_SUMMARY!$C$2*SCORECARD_SCALLING!$C$5,0) -> 384 | BS4: =IF(BR4>=580,"Accept",IF(AND(BR4>=500,BR4<580),"Manual review","Reject")) -> Reject | BT4: =IF(BS4="Reject",1,IF(BS4="Manual review",2,3)) -> 1
A5: <0 | B5: 48 | C5: all paid | D5: business | E5: 7685 | F5: <100 | G5: 4<=X<7 | H5: 2 | I5: female div/dep/mar | J5: guarantor | K5: 4 | L5: car | M5: 37 | N5: none | O5: rent | P5: 1 | Q5: skilled | R5: 1 | S5: none | T5: yes | U5: 1 | V5: =_xlfn.XLOOKUP(B5,Binning_WOE_IV!$C$2:$C$6,Binning_WOE_IV!$I$2:$I$6,"not found",-1) -> -0.94704226 | W5: =_xlfn.XLOOKUP(E5,Binning_WOE_IV!$C$7:$C$12,Binning_WOE_IV!$I$7:$I$12,"not found",-1) -> -0.10201454 | X5: =_xlfn.XLOOKUP(M5,Binning_WOE_IV!$C$13:$C$18,Binning_WOE_IV!$I$13:$I$18,"not found",-1) -> 0.27579903 | Y5: =_xlfn.XLOOKUP(A5,Binning_WOE_IV!$B$32:$B$35,Binning_WOE_IV!$G$32:$G$35,"not found",0) -> -0.67859154 | Z5: =_xlfn.XLOOKUP(_xlfn.XLOOKUP(C5,Binning_WOE_IV!$AF$2:$AF$6,Binning_WOE_IV!$AG$2:$AG$6,"not found",0),Binning_WOE_IV!$R$36:$R$38,Binning_WOE_IV!$G$36:$G$38,"not found",0) -> -1.2442938 | AA5: {=_xlfn.SWITCH(D5,"radio/tv",Binning_WOE_IV!$G$39,"other",Binning_WOE_IV!$G$39,"education",Binning_WOE_IV!$G$40,"retraining",Binning_WOE_IV!$G$40,"furniture/equipment",Binning_WOE_IV!$G$41,"domestic appliance",Binning_WOE_IV!$G$41,"new car",Binning_WOE_IV!$G$42,"used car",Binning_WOE_IV!$G$43,"repairs",Binning_WOE_IV!$G$43,"business",Binning_WOE_IV!$G$44,"not found")} -> -0.47176157 | AB5: =_xlfn.LET(_xlpm.b,_xlfn.XLOOKUP(F5,Binning_WOE_IV!$AJ$2:$AJ$6,Binning_WOE_IV!$AK$2:$AK$6,"not found",0),IF(_xlpm.b="bin1",_xlfn.XLOOKUP(_xlpm.b,Binning_WOE_IV!$R$45:$R$48,Binning_WOE_IV!$G$45:$G$48,"not found",0),_xlfn.XLOOKUP(_xlpm.b,Binning_WOE_IV!$R$45:$R$48,Binning_WOE_IV!$G$45:$G$48,"not found",0))) -> -0.23980372 | AC5: =_xlfn.LET(_xlpm.b,_xlfn.XLOOKUP(G5,Binning_WOE_IV!$AL$2:$AL$6,Binning_WOE_IV!$AM$2:$AM$6,"not found",0),IF(_xlpm.b="bin1",_xlfn.XLOOKUP(_xlpm.b,Binning_WOE_IV!$R$49:$R$52,Binning_WOE_IV!$G$49:$G$52,"not found",0),_xlfn.XLOOKUP(_xlpm.b,Binning_WOE_IV!$R$49:$R$52,Binning_WOE_IV!$G$49:$G$52,"not found",0))) -> 0.3165647 | AD5: =_xlfn.XLOOKUP(_xlfn.XLOOKUP(I5,Binning_WOE_IV!$AN$2:$AN$5,Binning_WOE_IV!$AO$2:$AO$5,"not found",0),Binning_WOE_IV!$R$53:$R$55,Binning_WOE_IV!$G$53:$G$55,"not found",0) -> -0.20099342 | AE5: =_xlfn.LET(_xlpm.b,_xlfn.XLOOKUP(L5,Binning_WOE_IV!$AQ$2:$AQ$5,Binning_WOE_IV!$AR$2:$AR$5,"not found",0),IF(_xlpm.b="bin4",_xlfn.XLOOKUP(_xlpm.b,Binning_WOE_IV!$R$58:$R$61,Binning_WOE_IV!$G$58:$G$61,"not found",0),_xlfn.XLOOKUP(_xlpm.b,Binning_WOE_IV!$R$58:$R$61,Binning_WOE_IV!$G$58:$G$61,"not found",0))) -> -0.11389117 | AF5: =_xlfn.XLOOKUP(_xlfn.XLOOKUP(N5,Binning_WOE_IV!$AS$2:$AS$4,Binning_WOE_IV!$AT$2:$AT$4,"not found",0),Binning_WOE_IV!$R$62:$R$63,Binning_WOE_IV!$G$62:$G$63,"not found",0) -> 0.12957806 | AG5: =_xlfn.XLOOKUP(_xlfn.XLOOKUP(O5,Binning_WOE_IV!$AU$2:$AU$4,Binning_WOE_IV!$AV$2:$AV$4,"not found",0),Binning_WOE_IV!$R$64:$R$65,Binning_WOE_IV!$G$64:$G$65,"not found",0) -> -0.49192724 | AH5: =V5*TRAIN_SUMMARY!$C$3 -> 0.74681908 | AI5: =W5*TRAIN_SUMMARY!$C$4 -> 0.050912844 | AJ5: =X5*TRAIN_SUMMARY!$C$5 -> -0.17565257 | AK5: =Y5*TRAIN_SUMMARY!$C$6 -> 0.53190423 | AL5: =Z5*TRAIN_SUMMARY!$C$7 -> 0.68384 | AM5: =AA5*TRAIN_SUMMARY!$C$8 -> 0.48833778 | AN5: =AB5*TRAIN_SUMMARY!$C$9 -> 0.17108449 | AO5: =AC5*TRAIN_SUMMARY!$C$10 -> -0.18469041 | AP5: =AD5*TRAIN_SUMMARY!$C$11 -> 0.23813847 | AQ5: =AE5*TRAIN_SUMMARY!$C$12 -> 0.061778554 | AR5: =AF5*TRAIN_SUMMARY!$C$13 -> -0.079424742 | AS5: =AG5*TRAIN_SUMMARY!$C$14 -> 0.186008 | AT5: =TRAIN_SUMMARY!$C$2+SUM(AH5:AS5) -> 1.8976549 | AU5: =1/(1+EXP(-AT5)) -> 0.86962588 | AV5: =-((U5*LN(AU5))+(1-U5)*LN(1-AU5)) -> 0.13969219 | AW5: =IF(U5=0,1,0) -> 0 | AX5: =IF(U5=1,1,0) -> 1 | AY5: =AY4+AW5 -> 0 | AZ5: =AZ4+AX5 -> 4 | BA5: =AY5/SUM($AW$2:$AW$701) -> 0 | BB5: =AZ5/SUM($AX$2:$AX$701) -> 0.018604651 | BC5: =ABS(BA5-BB5) -> 0.018604651 | BD5: =BB5 -> 0.018604651 | BE5: =BA5 -> 0 | BF5: =VLOOKUP(AH5,POINTS_TABLE!$D$2:$E$6,2,FALSE) -> 32.322965 | BG5: =VLOOKUP(AI5,POINTS_TABLE!$D$7:$E$12,2,FALSE) -> 2.2035512 | BH5: =VLOOKUP(AJ5,POINTS_TABLE!$D$13:$E$18,2,FALSE) -> -7.6023925 | BI5: =VLOOKUP(AK5,POINTS_TABLE!$D$21:$E$24,2,FALSE) -> 23.021268 | BJ5: =VLOOKUP(AL5,POINTS_TABLE!$D$25:$E$27,2,FALSE) -> 29.597177 | BK5: =VLOOKUP(AM5,POINTS_TABLE!$D$28:$E$33,2,FALSE) -> 21.135675 | BL5: =VLOOKUP(AN5,POINTS_TABLE!$D$34:$E$37,2,FALSE) -> 7.4046822 | BM5: =VLOOKUP(AO5,POINTS_TABLE!$D$38:$E$41,2,FALSE) -> -7.9935582 | BN5: =VLOOKUP(AP5,POINTS_TABLE!$D$42:$E$44,2,FALSE) -> 10.306836 | BO5: =VLOOKUP(AQ5,POINTS_TABLE!$D$45:$E$48,2,FALSE) -> 2.6738284 | BP5: =VLOOKUP(AR5,POINTS_TABLE!$D$49:$E$50,2,FALSE) -> -3.4375704 | BQ5: =VLOOKUP(AS5,POINTS_TABLE!$D$51:$E$52,2,FALSE) -> 8.0505844 | BR5: =ROUND(SCORECARD_SCALLING!$C$6-SUM(BF5:BQ5)-TRAIN_SUMMARY!$C$2*SCORECARD_SCALLING!$C$5,0) -> 388 | BS5: =IF(BR5>=580,"Accept",IF(AND(BR5>=500,BR5<580),"Manual review","Reject")) -> Reject | BT5: =IF(BS5="Reject",1,IF(BS5="Manual review",2,3)) -> 1
A6: 0<=X<200 | B6: 48 | C6: all paid | D6: business | E6: 6416 | F6: <100 | G6: >=7 | H6: 4 | I6: female div/dep/mar | J6: none | K6: 3 | L6: no known property | M6: 59 | N6: none | O6: rent | P6: 1 | Q6: skilled | R6: 1 | S6: none | T6: yes | U6: 1 | V6: =_xlfn.XLOOKUP(B6,Binning_WOE_IV!$C$2:$C$6,Binning_WOE_IV!$I$2:$I$6,"not found",-1) -> -0.94704226 | W6: =_xlfn.XLOOKUP(E6,Binning_WOE_IV!$C$7:$C$12,Binning_WOE_IV!$I$7:$I$12,"not found",-1) -> -0.10201454 | X6: =_xlfn.XLOOKUP(M6,Binning_WOE_IV!$C$13:$C$18,Binning_WOE_IV!$I$13:$I$18,"not found",-1) -> 0.42044277 | Y6: =_xlfn.XLOOKUP(A6,Binning_WOE_IV!$B$32:$B$35,Binning_WOE_IV!$G$32:$G$35,"not found",0) -> -0.4555709 | Z6: =_xlfn.XLOOKUP(_xlfn.XLOOKUP(C6,Binning_WOE_IV!$AF$2:$AF$6,Binning_WOE_IV!$AG$2:$AG$6,"not found",0),Binning_WOE_IV!$R$36:$R$38,Binning_WOE_IV!$G$36:$G$38,"not found",0) -> -1.2442938 | AA6: {=_xlfn.SWITCH(D6,"radio/tv",Binning_WOE_IV!$G$39,"other",Binning_WOE_IV!$G$39,"education",Binning_WOE_IV!$G$40,"retraining",Binning_WOE_IV!$G$40,"furniture/equipment",Binning_WOE_IV!$G$41,"domestic appliance",Binning_WOE_IV!$G$41,"new car",Binning_WOE_IV!$G$42,"used car",Binning_WOE_IV!$G$43,"repairs",Binning_WOE_IV!$G$43,"business",Binning_WOE_IV!$G$44,"not found")} -> -0.47176157 | AB6: =_xlfn.LET(_xlpm.b,_xlfn.XLOOKUP(F6,Binning_WOE_IV!$AJ$2:$AJ$6,Binning_WOE_IV!$AK$2:$AK$6,"not found",0),IF(_xlpm.b="bin1",_xlfn.XLOOKUP(_xlpm.b,Binning_WOE_IV!$R$45:$R$48,Binning_WOE_IV!$G$45:$G$48,"not found",0),_xlfn.XLOOKUP(_xlpm.b,Binning_WOE_IV!$R$45:$R$48,Binning_WOE_IV!$G$45:$G$48,"not found",0))) -> -0.23980372 | AC6: =_xlfn.LET(_xlpm.b,_xlfn.XLOOKUP(G6,Binning_WOE_IV!$AL$2:$AL$6,Binning_WOE_IV!$AM$2:$AM$6,"not found",0),IF(_xlpm.b="bin1",_xlfn.XLOOKUP(_xlpm.b,Binning_WOE_IV!$R$49:$R$52,Binning_WOE_IV!$G$49:$G$52,"not found",0),_xlfn.XLOOKUP(_xlpm.b,Binning_WOE_IV!$R$49:$R$52,Binning_WOE_IV!$G$49:$G$52,"not found",0))) -> 0.3165647 | AD6: =_xlfn.XLOOKUP(_xlfn.XLOOKUP(I6,Binning_WOE_IV!$AN$2:$AN$5,Binning_WOE_IV!$AO$2:$AO$5,"not found",0),Binning_WOE_IV!$R$53:$R$55,Binning_WOE_IV!$G$53:$G$55,"not found",0) -> -0.20099342 | AE6: =_xlfn.LET(_xlpm.b,_xlfn.XLOOKUP(L6,Binning_WOE_IV!$AQ$2:$AQ$5,Binning_WOE_IV!$AR$2:$AR$5,"not found",0),IF(_xlpm.b="bin4",_xlfn.XLOOKUP(_xlpm.b,Binning_WOE_IV!$R$58:$R$61,Binning_WOE_IV!$G$58:$G$61,"not found",0),_xlfn.XLOOKUP(_xlpm.b,Binning_WOE_IV!$R$58:$R$61,Binning_WOE_IV!$G$58:$G$61,"not found",0))) -> -0.56219643 | AF6: =_xlfn.XLOOKUP(_xlfn.XLOOKUP(N6,Binning_WOE_IV!$AS$2:$AS$4,Binning_WOE_IV!$AT$2:$AT$4,"not found",0),Binning_WOE_IV!$R$62:$R$63,Binning_WOE_IV!$G$62:$G$63,"not found",0) -> 0.12957806 | AG6: =_xlfn.XLOOKUP(_xlfn.XLOOKUP(O6,Binning_WOE_IV!$AU$2:$AU$4,Binning_WOE_IV!$AV$2:$AV$4,"not found",0),Binning_WOE_IV!$R$64:$R$65,Binning_WOE_IV!$G$64:$G$65,"not found",0) -> -0.49192724 | AH6: =V6*TRAIN_SUMMARY!$C$3 -> 0.74681908 | AI6: =W6*TRAIN_SUMMARY!$C$4 -> 0.050912844 | AJ6: =X6*TRAIN_SUMMARY!$C$5 -> -0.26777415 | AK6: =Y6*TRAIN_SUMMARY!$C$6 -> 0.3570927 | AL6: =Z6*TRAIN_SUMMARY!$C$7 -> 0.68384 | AM6: =AA6*TRAIN_SUMMARY!$C$8 -> 0.48833778 | AN6: =AB6*TRAIN_SUMMARY!$C$9 -> 0.17108449 | AO6: =AC6*TRAIN_SUMMARY!$C$10 -> -0.18469041 | AP6: =AD6*TRAIN_SUMMARY!$C$11 -> 0.23813847 | AQ6: =AE6*TRAIN_SUMMARY!$C$12 -> 0.30495501 | AR6: =AF6*TRAIN_SUMMARY!$C$13 -> -0.079424742 | AS6: =AG6*TRAIN_SUMMARY!$C$14 -> 0.186008 | AT6: =TRAIN_SUMMARY!$C$2+SUM(AH6:AS6) -> 1.8738983 | AU6: =1/(1+EXP(-AT6)) -> 0.86690869 | AV6: =-((U6*LN(AU6))+(1-U6)*LN(1-AU6)) -> 0.14282162 | AW6: =IF(U6=0,1,0) -> 0 | AX6: =IF(U6=1,1,0) -> 1 | AY6: =AY5+AW6 -> 0 | AZ6: =AZ5+AX6 -> 5 | BA6: =AY6/SUM($AW$2:$AW$701) -> 0 | BB6: =AZ6/SUM($AX$2:$AX$701) -> 0.023255814 | BC6: =ABS(BA6-BB6) -> 0.023255814 | BD6: =BB6 -> 0.023255814 | BE6: =BA6 -> 0 | BF6: =VLOOKUP(AH6,POINTS_TABLE!$D$2:$E$6,2,FALSE) -> 32.322965 | BG6: =VLOOKUP(AI6,POINTS_TABLE!$D$7:$E$12,2,FALSE) -> 2.2035512 | BH6: =VLOOKUP(AJ6,POINTS_TABLE!$D$13:$E$18,2,FALSE) -> -11.589493 | BI6: =VLOOKUP(AK6,POINTS_TABLE!$D$21:$E$24,2,FALSE) -> 15.455276 | BJ6: =VLOOKUP(AL6,POINTS_TABLE!$D$25:$E$27,2,FALSE) -> 29.597177 | BK6: =VLOOKUP(AM6,POINTS_TABLE!$D$28:$E$33,2,FALSE) -> 21.135675 | BL6: =VLOOKUP(AN6,POINTS_TABLE!$D$34:$E$37,2,FALSE) -> 7.4046822 | BM6: =VLOOKUP(AO6,POINTS_TABLE!$D$38:$E$41,2,FALSE) -> -7.9935582 | BN6: =VLOOKUP(AP6,POINTS_TABLE!$D$42:$E$44,2,FALSE) -> 10.306836 | BO6: =VLOOKUP(AQ6,POINTS_TABLE!$D$45:$E$48,2,FALSE) -> 13.198713 | BP6: =VLOOKUP(AR6,POINTS_TABLE!$D$49:$E$50,2,FALSE) -> -3.4375704 | BQ6: =VLOOKUP(AS6,POINTS_TABLE!$D$51:$E$52,2,FALSE) -> 8.0505844 | BR6: =ROUND(SCORECARD_SCALLING!$C$6-SUM(BF6:BQ6)-TRAIN_SUMMARY!$C$2*SCORECARD_SCALLING!$C$5,0) -> 389 | BS6: =IF(BR6>=580,"Accept",IF(AND(BR6>=500,BR6<580),"Manual review","Reject")) -> Reject | BT6: =IF(BS6="Reject",1,IF(BS6="Manual review",2,3)) -> 1
A7: 0<=X<200 | B7: 48 | C7: no credits/all paid | D7: new car | E7: 8358 | F7: 500<=X<1000 | G7: <1 | H7: 1 | I7: female div/dep/mar | J7: none | K7: 1 | L7: car | M7: 30 | N7: none | O7: own | P7: 2 | Q7: skilled | R7: 1 | S7: none | T7: yes | U7: 0 | V7: =_xlfn.XLOOKUP(B7,Binning_WOE_IV!$C$2:$C$6,Binning_WOE_IV!$I$2:$I$6,"not found",-1) -> -0.94704226 | W7: =_xlfn.XLOOKUP(E7,Binning_WOE_IV!$C$7:$C$12,Binning_WOE_IV!$I$7:$I$12,"not found",-1) -> -0.98786425 | X7: =_xlfn.XLOOKUP(M7,Binning_WOE_IV!$C$13:$C$18,Binning_WOE_IV!$I$13:$I$18,"not found",-1) -> -0.090210644 | Y7: =_xlfn.XLOOKUP(A7,Binning_WOE_IV!$B$32:$B$35,Binning_WOE_IV!$G$32:$G$35,"not found",0) -> -0.4555709 | Z7: =_xlfn.XLOOKUP(_xlfn.XLOOKUP(C7,Binning_WOE_IV!$AF$2:$AF$6,Binning_WOE_IV!$AG$2:$AG$6,"not found",0),Binning_WOE_IV!$R$36:$R$38,Binning_WOE_IV!$G$36:$G$38,"not found",0) -> -1.2442938 | AA7: {=_xlfn.SWITCH(D7,"radio/tv",Binning_WOE_IV!$G$39,"other",Binning_WOE_IV!$G$39,"education",Binning_WOE_IV!$G$40,"retraining",Binning_WOE_IV!$G$40,"furniture/equipment",Binning_WOE_IV!$G$41,"domestic appliance",Binning_WOE_IV!$G$41,"new car",Binning_WOE_IV!$G$42,"used car",Binning_WOE_IV!$G$43,"repairs",Binning_WOE_IV!$G$43,"business",Binning_WOE_IV!$G$44,"not found")} -> -0.37050784 | AB7: =_xlfn.LET(_xlpm.b,_xlfn.XLOOKUP(F7,Binning_WOE_IV!$AJ$2:$AJ$6,Binning_WOE_IV!$AK$2:$AK$6,"not found",0),IF(_xlpm.b="bin1",_xlfn.XLOOKUP(_xlpm.b,Binning_WOE_IV!$R$45:$R$48,Binning_WOE_IV!$G$45:$G$48,"not found",0),_xlfn.XLOOKUP(_xlpm.b,Binning_WOE_IV!$R$45:$R$48,Binning_WOE_IV!$G$45:$G$48,"not found",0))) -> 0.69794664 | AC7: =_xlfn.LET(_xlpm.b,_xlfn.XLOOKUP(G7,Binning_WOE_IV!$AL$2:$AL$6,Binning_WOE_IV!$AM$2:$AM$6,"not found",0),IF(_xlpm.b="bin1",_xlfn.XLOOKUP(_xlpm.b,Binning_WOE_IV!$R$49:$R$52,Binning_WOE_IV!$G$49:$G$52,"not found",0),_xlfn.XLOOKUP(_xlpm.b,Binning_WOE_IV!$R$49:$R$52,Binning_WOE_IV!$G$49:$G$52,"not found",0))) -> -0.49142736 | AD7: =_xlfn.XLOOKUP(_xlfn.XLOOKUP(I7,Binning_WOE_IV!$AN$2:$AN$5,Binning_WOE_IV!$AO$2:$AO$5,"not found",0),Binning_WOE_IV!$R$53:$R$55,Binning_WOE_IV!$G$53:$G$55,"not found",0) -> -0.20099342 | AE7: =_xlfn.LET(_xlpm.b,_xlfn.XLOOKUP(L7,Binning_WOE_IV!$AQ$2:$AQ$5,Binning_WOE_IV!$AR$2:$AR$5,"not found",0),IF(_xlpm.b="bin4",_xlfn.XLOOKUP(_xlpm.b,Binning_WOE_IV!$R$58:$R$61,Binning_WOE_IV!$G$58:$G$61,"not found",0),_xlfn.XLOOKUP(_xlpm.b,Binning_WOE_IV!$R$58:$R$61,Binning_WOE_IV!$G$58:$G$61,"not found",0))) -> -0.11389117 | AF7: =_xlfn.XLOOKUP(_xlfn.XLOOKUP(N7,Binning_WOE_IV!$AS$2:$AS$4,Binning_WOE_IV!$AT$2:$AT$4,"not found",0),Binning_WOE_IV!$R$62:$R$63,Binning_WOE_IV!$G$62:$G$63,"not found",0) -> 0.12957806 | AG7: =_xlfn.XLOOKUP(_xlfn.XLOOKUP(O7,Binning_WOE_IV!$AU$2:$AU$4,Binning_WOE_IV!$AV$2:$AV$4,"not found",0),Binning_WOE_IV!$R$64:$R$65,Binning_WOE_IV!$G$64:$G$65,"not found",0) -> 0.23435623 | AH7: =V7*TRAIN_SUMMARY!$C$3 -> 0.74681908 | AI7: =W7*TRAIN_SUMMARY!$C$4 -> 0.49301773 | AJ7: =X7*TRAIN_SUMMARY!$C$5 -> 0.057453904 | AK7: =Y7*TRAIN_SUMMARY!$C$6 -> 0.3570927 | AL7: =Z7*TRAIN_SUMMARY!$C$7 -> 0.68384 | AM7: =AA7*TRAIN_SUMMARY!$C$8 -> 0.38352631 | AN7: =AB7*TRAIN_SUMMARY!$C$9 -> -0.49793991 | AO7: =AC7*TRAIN_SUMMARY!$C$10 -> 0.28670892 | AP7: =AD7*TRAIN_SUMMARY!$C$11 -> 0.23813847 | AQ7: =AE7*TRAIN_SUMMARY!$C$12 -> 0.061778554 | AR7: =AF7*TRAIN_SUMMARY!$C$13 -> -0.079424742 | AS7: =AG7*TRAIN_SUMMARY!$C$14 -> -0.088615 | AT7: =TRAIN_SUMMARY!$C$2+SUM(AH7:AS7) -> 1.8209952 | AU7: =1/(1+EXP(-AT7)) -> 0.8606855 | AV7: =-((U7*LN(AU7))+(1-U7)*LN(1-AU7)) -> 1.9710213 | AW7: =IF(U7=0,1,0) -> 1 | AX7: =IF(U7=1,1,0) -> 0 | AY7: =AY6+AW7 -> 1 | AZ7: =AZ6+AX7 -> 5 | BA7: =AY7/SUM($AW$2:$AW$701) -> 0.0020618557 | BB7: =AZ7/SUM($AX$2:$AX$701) -> 0.023255814 | BC7: =ABS(BA7-BB7) -> 0.021193958 | BD7: =BB7 -> 0.023255814 | BE7: =BA7 -> 0.0020618557 | BF7: =VLOOKUP(AH7,POINTS_TABLE!$D$2:$E$6,2,FALSE) -> 32.322965 | BG7: =VLOOKUP(AI7,POINTS_TABLE!$D$7:$E$12,2,FALSE) -> 21.338227 | BH7: =VLOOKUP(AJ7,POINTS_TABLE!$D$13:$E$18,2,FALSE) -> 2.4866539 | BI7: =VLOOKUP(AK7,POINTS_TABLE!$D$21:$E$24,2,FALSE) -> 15.455276 | BJ7: =VLOOKUP(AL7,POINTS_TABLE!$D$25:$E$27,2,FALSE) -> 29.597177 | BK7: =VLOOKUP(AM7,POINTS_TABLE!$D$28:$E$33,2,FALSE) -> 16.599345 | BL7: =VLOOKUP(AN7,POINTS_TABLE!$D$34:$E$37,2,FALSE) -> -21.551263 | BM7: =VLOOKUP(AO7,POINTS_TABLE!$D$38:$E$41,2,FALSE) -> 12.409006 | BN7: =VLOOKUP(AP7,POINTS_TABLE!$D$42:$E$44,2,FALSE) -> 10.306836 | BO7: =VLOOKUP(AQ7,POINTS_TABLE!$D$45:$E$48,2,FALSE) -> 2.6738284 | BP7: =VLOOKUP(AR7,POINTS_TABLE!$D$49:$E$50,2,FALSE) -> -3.4375704 | BQ7: =VLOOKUP(AS7,POINTS_TABLE!$D$51:$E$52,2,FALSE) -> -3.8353326 | BR7: =ROUND(SCORECARD_SCALLING!$C$6-SUM(BF7:BQ7)-TRAIN_SUMMARY!$C$2*SCORECARD_SCALLING!$C$5,0) -> 392 | BS7: =IF(BR7>=580,"Accept",IF(AND(BR7>=500,BR7<580),"Manual review","Reject")) -> Reject | BT7: =IF(BS7="Reject",1,IF(BS7="Manual review",2,3)) -> 1
A8: <0 | B8: 24 | C8: all paid | D8: new car | E8: 1193 | F8: <100 | G8: unemployed | H8: 1 | I8: female div/dep/mar | J8: co applicant | K8: 4 | L8: no known property | M8: 29 | N8: none | O8: rent | P8: 2 | Q8: unemp/unskilled non res | R8: 1 | S8: none | T8: yes | U8: 1 | V8: =_xlfn.XLOOKUP(B8,Binning_WOE_IV!$C$2:$C$6,Binning_WOE_IV!$I$2:$I$6,"not found",-1) -> -0.12917431 | W8: =_xlfn.XLOOKUP(E8,Binning_WOE_IV!$C$7:$C$12,Binning_WOE_IV!$I$7:$I$12,"not found",-1) -> 0.16104878 | X8: =_xlfn.XLOOKUP(M8,Binning_WOE_IV!$C$13:$C$18,Binning_WOE_IV!$I$13:$I$18,"not found",-1) -> -0.13233987 | Y8: =_xlfn.XLOOKUP(A8,Binning_WOE_IV!$B$32:$B$35,Binning_WOE_IV!$G$32:$G$35,"not found",0) -> -0.67859154 | Z8: =_xlfn.XLOOKUP(_xlfn.XLOOKUP(C8,Binning_WOE_IV!$AF$2:$AF$6,Binning_WOE_IV!$AG$2:$AG$6,"not found",0),Binning_WOE_IV!$R$36:$R$38,Binning_WOE_IV!$G$36:$G$38,"not found",0) -> -1.2442938 | AA8: {=_xlfn.SWITCH(D8,"radio/tv",Binning_WOE_IV!$G$39,"other",Binning_WOE_IV!$G$39,"education",Binning_WOE_IV!$G$40,"retraining",Binning_WOE_IV!$G$40,"furniture/equipment",Binning_WOE_IV!$G$41,"domestic appliance",Binning_WOE_IV!$G$41,"new car",Binning_WOE_IV!$G$42,"used car",Binning_WOE_IV!$G$43,"repairs",Binning_WOE_IV!$G$43,"business",Binning_WOE_IV!$G$44,"not found")} -> -0.37050784 | AB8: =_xlfn.LET(_xlpm.b,_xlfn.XLOOKUP(F8,Binning_WOE_IV!$AJ$2:$AJ$6,Binning_WOE_IV!$AK$2:$AK$6,"not found",0),IF(_xlpm.b="bin1",_xlfn.XLOOKUP(_xlpm.b,Binning_WOE_IV!$R$45:$R$48,Binning_WOE_IV!$G$45:$G$48,"not found",0),_xlfn.XLOOKUP(_xlpm.b,Binning_WOE_IV!$R$45:$R$48,Binning_WOE_IV!$G$45:$G$48,"not found",0))) -> -0.23980372 | AC8: =_xlfn.LET(_xlpm.b,_xlfn.XLOOKUP(G8,Binning_WOE_IV!$AL$2:$AL$6,Binning_WOE_IV!$AM$2:$AM$6,"not found",0),IF(_xlpm.b="bin1",_xlfn.XLOOKUP(_xlpm.b,Binning_WOE_IV!$R$49:$R$52,Binning_WOE_IV!$G$49:$G$52,"not found",0),_xlfn.XLOOKUP(_xlpm.b,Binning_WOE_IV!$R$49:$R$52,Binning_WOE_IV!$G$49:$G$52,"not found",0))) -> -0.12036368 | AD8: =_xlfn.XLOOKUP(_xlfn.XLOOKUP(I8,Binning_WOE_IV!$AN$2:$AN$5,Binning_WOE_IV!$AO$2:$AO$5,"not found",0),Binning_WOE_IV!$R$53:$R$55,Binning_WOE_IV!$G$53:$G$55,"not found",0) -> -0.20099342 | AE8: =_xlfn.LET(_xlpm.b,_xlfn.XLOOKUP(L8,Binning_WOE_IV!$AQ$2:$AQ$5,Binning_WOE_IV!$AR$2:$AR$5,"not found",0),IF(_xlpm.b="bin4",_xlfn.XLOOKUP(_xlpm.b,Binning_WOE_IV!$R$58:$R$61,Binning_WOE_IV!$G$58:$G$61,"not found",0),_xlfn.XLOOKUP(_xlpm.b,Binning_WOE_IV!$R$58:$R$61,Binning_WOE_IV!$G$58:$G$61,"not found",0))) -> -0.56219643 | AF8: =_xlfn.XLOOKUP(_xlfn.XLOOKUP(N8,Binning_WOE_IV!$AS$2:$AS$4,Binning_WOE_IV!$AT$2:$AT$4,"not found",0),Binning_WOE_IV!$R$62:$R$63,Binning_WOE_IV!$G$62:$G$63,"not found",0) -> 0.12957806 | AG8: =_xlfn.XLOOKUP(_xlfn.XLOOKUP(O8,Binning_WOE_IV!$AU$2:$AU$4,Binning_WOE_IV!$AV$2:$AV$4,"not found",0),Binning_WOE_IV!$R$64:$R$65,Binning_WOE_IV!$G$64:$G$65,"not found",0) -> -0.49192724 | AH8: =V8*TRAIN_SUMMARY!$C$3 -> 0.10186435 | AI8: =W8*TRAIN_SUMMARY!$C$4 -> -0.080375317 | AJ8: =X8*TRAIN_SUMMARY!$C$5 -> 0.084285423 | AK8: =Y8*TRAIN_SUMMARY!$C$6 -> 0.53190423 | AL8: =Z8*TRAIN_SUMMARY!$C$7 -> 0.68384 | AM8: =AA8*TRAIN_SUMMARY!$C$8 -> 0.38352631 | AN8: =AB8*TRAIN_SUMMARY!$C$9 -> 0.17108449 | AO8: =AC8*TRAIN_SUMMARY!$C$10 -> 0.07022267 | AP8: =AD8*TRAIN_SUMMARY!$C$11 -> 0.23813847 | AQ8: =AE8*TRAIN_SUMMARY!$C$12 -> 0.30495501 | AR8: =AF8*TRAIN_SUMMARY!$C$13 -> -0.079424742 | AS8: =AG8*TRAIN_SUMMARY!$C$14 -> 0.186008 | AT8: =TRAIN_SUMMARY!$C$2+SUM(AH8:AS8) -> 1.7746281 | AU8: =1/(1+EXP(-AT8)) -> 0.85503227 | AV8: =-((U8*LN(AU8))+(1-U8)*LN(1-AU8)) -> 0.15661606 | AW8: =IF(U8=0,1,0) -> 0 | AX8: =IF(U8=1,1,0) -> 1 | AY8: =AY7+AW8 -> 1 | AZ8: =AZ7+AX8 -> 6 | BA8: =AY8/SUM($AW$2:$AW$701) -> 0.0020618557 | BB8: =AZ8/SUM($AX$2:$AX$701) -> 0.027906977 | BC8: =ABS(BA8-BB8) -> 0.025845121 | BD8: =BB8 -> 0.027906977 | BE8: =BA8 -> 0.0020618557 | BF8: =VLOOKUP(AH8,POINTS_TABLE!$D$2:$E$6,2,FALSE) -> 4.4087756 | BG8: =VLOOKUP(AI8,POINTS_TABLE!$D$7:$E$12,2,FALSE) -> -3.4787121 | BH8: =VLOOKUP(AJ8,POINTS_TABLE!$D$13:$E$18,2,FALSE) -> 3.6479449 | BI8: =VLOOKUP(AK8,POINTS_TABLE!$D$21:$E$24,2,FALSE) -> 23.021268 | BJ8: =VLOOKUP(AL8,POINTS_TABLE!$D$25:$E$27,2,FALSE) -> 29.597177 | BK8: =VLOOKUP(AM8,POINTS_TABLE!$D$28:$E$33,2,FALSE) -> 16.599345 | BL8: =VLOOKUP(AN8,POINTS_TABLE!$D$34:$E$37,2,FALSE) -> 7.4046822 | BM8: =VLOOKUP(AO8,POINTS_TABLE!$D$38:$E$41,2,FALSE) -> 3.0392969 | BN8: =VLOOKUP(AP8,POINTS_TABLE!$D$42:$E$44,2,FALSE) -> 10.306836 | BO8: =VLOOKUP(AQ8,POINTS_TABLE!$D$45:$E$48,2,FALSE) -> 13.198713 | BP8: =VLOOKUP(AR8,POINTS_TABLE!$D$49:$E$50,2,FALSE) -> -3.4375704 | BQ8: =VLOOKUP(AS8,POINTS_TABLE!$D$51:$E$52,2,FALSE) -> 8.0505844 | BR8: =ROUND(SCORECARD_SCALLING!$C$6-SUM(BF8:BQ8)-TRAIN_SUMMARY!$C$2*SCORECARD_SCALLING!$C$5,0) -> 394 | BS8: =IF(BR8>=580,"Accept",IF(AND(BR8>=500,BR8<580),"Manual review","Reject")) -> Reject | BT8: =IF(BS8="Reject",1,IF(BS8="Manual review",2,3)) -> 1
A9: 0<=X<200 | B9: 48 | C9: no credits/all paid | D9: other | E9: 18424 | F9: <100 | G9: 1<=X<4 | H9: 1 | I9: female div/dep/mar | J9: none | K9: 2 | L9: life insurance | M9: 32 | N9: bank | O9: own | P9: 1 | Q9: high qualif/self emp/mgmt | R9: 1 | S9: yes | T9: no | U9: 1 | V9: =_xlfn.XLOOKUP(B9,Binning_WOE_IV!$C$2:$C$6,Binning_WOE_IV!$I$2:$I$6,"not found",-1) -> -0.94704226 | W9: =_xlfn.XLOOKUP(E9,Binning_WOE_IV!$C$7:$C$12,Binning_WOE_IV!$I$7:$I$12,"not found",-1) -> -0.98786425 | X9: =_xlfn.XLOOKUP(M9,Binning_WOE_IV!$C$13:$C$18,Binning_WOE_IV!$I$13:$I$18,"not found",-1) -> -0.090210644 | Y9: =_xlfn.XLOOKUP(A9,Binning_WOE_IV!$B$32:$B$35,Binning_WOE_IV!$G$32:$G$35,"not found",0) -> -0.4555709 | Z9: =_xlfn.XLOOKUP(_xlfn.XLOOKUP(C9,Binning_WOE_IV!$AF$2:$AF$6,Binning_WOE_IV!$AG$2:$AG$6,"not found",0),Binning_WOE_IV!$R$36:$R$38,Binning_WOE_IV!$G$36:$G$38,"not found",0) -> -1.2442938 | AA9: {=_xlfn.SWITCH(D9,"radio/tv",Binning_WOE_IV!$G$39,"other",Binning_WOE_IV!$G$39,"education",Binning_WOE_IV!$G$40,"retraining",Binning_WOE_IV!$G$40,"furniture/equipment",Binning_WOE_IV!$G$41,"domestic appliance",Binning_WOE_IV!$G$41,"new car",Binning_WOE_IV!$G$42,"used car",Binning_WOE_IV!$G$43,"repairs",Binning_WOE_IV!$G$43,"business",Binning_WOE_IV!$G$44,"not found")} -> 0.42044277 | AB9: =_xlfn.LET(_xlpm.b,_xlfn.XLOOKUP(F9,Binning_WOE_IV!$AJ$2:$AJ$6,Binning_WOE_IV!$AK$2:$AK$6,"not found",0),IF(_xlpm.b="bin1",_xlfn.XLOOKUP(_xlpm.b,Binning_WOE_IV!$R$45:$R$48,Binning_WOE_IV!$G$45:$G$48,"not found",0),_xlfn.XLOOKUP(_xlpm.b,Binning_WOE_IV!$R$45:$R$48,Binning_WOE_IV!$G$45:$G$48,"not found",0))) -> -0.23980372 | AC9: =_xlfn.LET(_xlpm.b,_xlfn.XLOOKUP(G9,Binning_WOE_IV!$AL$2:$AL$6,Binning_WOE_IV!$AM$2:$AM$6,"not found",0),IF(_xlpm.b="bin1",_xlfn.XLOOKUP(_xlpm.b,Binning_WOE_IV!$R$49:$R$52,Binning_WOE_IV!$G$49:$G$52,"not found",0),_xlfn.XLOOKUP(_xlpm.b,Binning_WOE_IV!$R$49:$R$52,Binning_WOE_IV!$G$49:$G$52,"not found",0))) -> -0.082142469 | AD9: =_xlfn.XLOOKUP(_xlfn.XLOOKUP(I9,Binning_WOE_IV!$AN$2:$AN$5,Binning_WOE_IV!$AO$2:$AO$5,"not found",0),Binning_WOE_IV!$R$53:$R$55,Binning_WOE_IV!$G$53:$G$55,"not found",0) -> -0.20099342 | AE9: =_xlfn.LET(_xlpm.b,_xlfn.XLOOKUP(L9,Binning_WOE_IV!$AQ$2:$AQ$5,Binning_WOE_IV!$AR$2:$AR$5,"not found",0),IF(_xlpm.b="bin4",_xlfn.XLOOKUP(_xlpm.b,Binning_WOE_IV!$R$58:$R$61,Binning_WOE_IV!$G$58:$G$61,"not found",0),_xlfn.XLOOKUP(_xlpm.b,Binning_WOE_IV!$R$58:$R$61,Binning_WOE_IV!$G$58:$G$61,"not found",0))) -> 0.033786998 | AF9: =_xlfn.XLOOKUP(_xlfn.XLOOKUP(N9,Binning_WOE_IV!$AS$2:$AS$4,Binning_WOE_IV!$AT$2:$AT$4,"not found",0),Binning_WOE_IV!$R$62:$R$63,Binning_WOE_IV!$G$62:$G$63,"not found",0) -> -0.54969627 | AG9: =_xlfn.XLOOKUP(_xlfn.XLOOKUP(O9,Binning_WOE_IV!$AU$2:$AU$4,Binning_WOE_IV!$AV$2:$AV$4,"not found",0),Binning_WOE_IV!$R$64:$R$65,Binning_WOE_IV!$G$64:$G$65,"not found",0) -> 0.23435623 | AH9: =V9*TRAIN_SUMMARY!$C$3 -> 0.74681908 | AI9: =W9*TRAIN_SUMMARY!$C$4 -> 0.49301773 | AJ9: =X9*TRAIN_SUMMARY!$C$5 -> 0.057453904 | AK9: =Y9*TRAIN_SUMMARY!$C$6 -> 0.3570927 | AL9: =Z9*TRAIN_SUMMARY!$C$7 -> 0.68384 | AM9: =AA9*TRAIN_SUMMARY!$C$8 -> -0.43521581 | AN9: =AB9*TRAIN_SUMMARY!$C$9 -> 0.17108449 | AO9: =AC9*TRAIN_SUMMARY!$C$10 -> 0.047923621 | AP9: =AD9*TRAIN_SUMMARY!$C$11 -> 0.23813847 | AQ9: =AE9*TRAIN_SUMMARY!$C$12 -> -0.018327249 | AR9: =AF9*TRAIN_SUMMARY!$C$13 -> 0.33693577 | AS9: =AG9*TRAIN_SUMMARY!$C$14 -> -0.088615 | AT9: =TRAIN_SUMMARY!$C$2+SUM(AH9:AS9) -> 1.7687469 | AU9: =1/(1+EXP(-AT9)) -> 0.85430177 | AV9: =-((U9*LN(AU9))+(1-U9)*LN(1-AU9)) -> 0.15747079 | AW9: =IF(U9=0,1,0) -> 0 | AX9: =IF(U9=1,1,0) -> 1 | AY9: =AY8+AW9 -> 1 | AZ9: =AZ8+AX9 -> 7 | BA9: =AY9/SUM($AW$2:$AW$701) -> 0.0020618557 | BB9: =AZ9/SUM($AX$2:$AX$701) -> 0.03255814 | BC9: =ABS(BA9-BB9) -> 0.030496284 | BD9: =BB9 -> 0.03255814 | BE9: =BA9 -> 0.0020618557 | BF9: =VLOOKUP(AH9,POINTS_TABLE!$D$2:$E$6,2,FALSE) -> 32.322965 | BG9: =VLOOKUP(AI9,POINTS_TABLE!$D$7:$E$12,2,FALSE) -> 21.338227 | BH9: =VLOOKUP(AJ9,POINTS_TABLE!$D$13:$E$18,2,FALSE) -> 2.4866539 | BI9: =VLOOKUP(AK9,POINTS_TABLE!$D$21:$E$24,2,FALSE) -> 15.455276 | BJ9: =VLOOKUP(AL9,POINTS_TABLE!$D$25:$E$27,2,FALSE) -> 29.597177 | BK9: =VLOOKUP(AM9,POINTS_TABLE!$D$28:$E$33,2,FALSE) -> -18.836511 | BL9: =VLOOKUP(AN9,POINTS_TABLE!$D$34:$E$37,2,FALSE) -> 7.4046822 | BM9: =VLOOKUP(AO9,POINTS_TABLE!$D$38:$E$41,2,FALSE) -> 2.0741751 | BN9: =VLOOKUP(AP9,POINTS_TABLE!$D$42:$E$44,2,FALSE) -> 10.306836 | BO9: =VLOOKUP(AQ9,POINTS_TABLE!$D$45:$E$48,2,FALSE) -> -0.79321896 | BP9: =VLOOKUP(AR9,POINTS_TABLE!$D$49:$E$50,2,FALSE) -> 14.582867 | BQ9: =VLOOKUP(AS9,POINTS_TABLE!$D$51:$E$52,2,FALSE) -> -3.8353326 | BR9: =ROUND(SCORECARD_SCALLING!$C$6-SUM(BF9:BQ9)-TRAIN_SUMMARY!$C$2*SCORECARD_SCALLING!$C$5,0) -> 394 | BS9: =IF(BR9>=580,"Accept",IF(AND(BR9>=500,BR9<580),"Manual review","Reject")) -> Reject | BT9: =IF(BS9="Reject",1,IF(BS9="Manual review",2,3)) -> 1
A10: 0<=X<200 | B10: 27 | C10: no credits/all paid | D10: business | E10: 8318 | F10: <100 | G10: >=7 | H10: 2 | I10: female div/dep/mar | J10: none | K10: 4 | L10: no known property | M10: 42 | N10: none | O10: for free | P10: 2 | Q10: high qualif/self emp/mgmt | R10: 1 | S10: yes | T10: yes | U10: 1 | V10: =_xlfn.XLOOKUP(B10,Binning_WOE_IV!$C$2:$C$6,Binning_WOE_IV!$I$2:$I$6,"not found",-1) -> -0.12917431 | W10: =_xlfn.XLOOKUP(E10,Binning_WOE_IV!$C$7:$C$12,Binning_WOE_IV!$I$7:$I$12,"not found",-1) -> -0.98786425 | X10: =_xlfn.XLOOKUP(M10,Binning_WOE_IV!$C$13:$C$18,Binning_WOE_IV!$I$13:$I$18,"not found",-1) -> 0.27579903 | Y10: =_xlfn.XLOOKUP(A10,Binning_WOE_IV!$B$32:$B$35,Binning_WOE_IV!$G$32:$G$35,"not found",0) -> -0.4555709 | Z10: =_xlfn.XLOOKUP(_xlfn.XLOOKUP(C10,Binning_WOE_IV!$AF$2:$AF$6,Binning_WOE_IV!$AG$2:$AG$6,"not found",0),Binning_WOE_IV!$R$36:$R$38,Binning_WOE_IV!$G$36:$G$38,"not found",0) -> -1.2442938 | AA10: {=_xlfn.SWITCH(D10,"radio/tv",Binning_WOE_IV!$G$39,"other",Binning_WOE_IV!$G$39,"education",Binning_WOE_IV!$G$40,"retraining",Binning_WOE_IV!$G$40,"furniture/equipment",Binning_WOE_IV!$G$41,"domestic appliance",Binning_WOE_IV!$G$41,"new car",Binning_WOE_IV!$G$42,"used car",Binning_WOE_IV!$G$43,"repairs",Binning_WOE_IV!$G$43,"business",Binning_WOE_IV!$G$44,"not found")} -> -0.47176157 | AB10: =_xlfn.LET(_xlpm.b,_xlfn.XLOOKUP(F10,Binning_WOE_IV!$AJ$2:$AJ$6,Binning_WOE_IV!$AK$2:$AK$6,"not found",0),IF(_xlpm.b="bin1",_xlfn.XLOOKUP(_xlpm.b,Binning_WOE_IV!$R$45:$R$48,Binning_WOE_IV!$G$45:$G$48,"not found",0),_xlfn.XLOOKUP(_xlpm.b,Binning_WOE_IV!$R$45:$R$48,Binning_WOE_IV!$G$45:$G$48,"not found",0))) -> -0.23980372 | AC10: =_xlfn.LET(_xlpm.b,_xlfn.XLOOKUP(G10,Binning_WOE_IV!$AL$2:$AL$6,Binning_WOE_IV!$AM$2:$AM$6,"not found",0),IF(_xlpm.b="bin1",_xlfn.XLOOKUP(_xlpm.b,Binning_WOE_IV!$R$49:$R$52,Binning_WOE_IV!$G$49:$G$52,"not found",0),_xlfn.XLOOKUP(_xlpm.b,Binning_WOE_IV!$R$49:$R$52,Binning_WOE_IV!$G$49:$G$52,"not found",0))) -> 0.3165647 | AD10: =_xlfn.XLOOKUP(_xlfn.XLOOKUP(I10,Binning_WOE_IV!$AN$2:$AN$5,Binning_WOE_IV!$AO$2:$AO$5,"not found",0),Binning_WOE_IV!$R$53:$R$55,Binning_WOE_IV!$G$53:$G$55,"not found",0) -> -0.20099342 | AE10: =_xlfn.LET(_xlpm.b,_xlfn.XLOOKUP(L10,Binning_WOE_IV!$AQ$2:$AQ$5,Binning_WOE_IV!$AR$2:$AR$5,"not found",0),IF(_xlpm.b="bin4",_xlfn.XLOOKUP(_xlpm.b,Binning_WOE_IV!$R$58:$R$61,Binning_WOE_IV!$G$58:$G$61,"not found",0),_xlfn.XLOOKUP(_xlpm.b,Binning_WOE_IV!$R$58:$R$61,Binning_WOE_IV!$G$58:$G$61,"not found",0))) -> -0.56219643 | AF10: =_xlfn.XLOOKUP(_xlfn.XLOOKUP(N10,Binning_WOE_IV!$AS$2:$AS$4,Binning_WOE_IV!$AT$2:$AT$4,"not found",0),Binning_WOE_IV!$R$62:$R$63,Binning_WOE_IV!$G$62:$G$63,"not found",0) -> 0.12957806 | AG10: =_xlfn.XLOOKUP(_xlfn.XLOOKUP(O10,Binning_WOE_IV!$AU$2:$AU$4,Binning_WOE_IV!$AV$2:$AV$4,"not found",0),Binning_WOE_IV!$R$64:$R$65,Binning_WOE_IV!$G$64:$G$65,"not found",0) -> -0.49192724 | AH10: =V10*TRAIN_SUMMARY!$C$3 -> 0.10186435 | AI10: =W10*TRAIN_SUMMARY!$C$4 -> 0.49301773 | AJ10: =X10*TRAIN_SUMMARY!$C$5 -> -0.17565257 | AK10: =Y10*TRAIN_SUMMARY!$C$6 -> 0.3570927 | AL10: =Z10*TRAIN_SUMMARY!$C$7 -> 0.68384 | AM10: =AA10*TRAIN_SUMMARY!$C$8 -> 0.48833778 | AN10: =AB10*TRAIN_SUMMARY!$C$9 -> 0.17108449 | AO10: =AC10*TRAIN_SUMMARY!$C$10 -> -0.18469041 | AP10: =AD10*TRAIN_SUMMARY!$C$11 -> 0.23813847 | AQ10: =AE10*TRAIN_SUMMARY!$C$12 -> 0.30495501 | AR10: =AF10*TRAIN_SUMMARY!$C$13 -> -0.079424742 | AS10: =AG10*TRAIN_SUMMARY!$C$14 -> 0.186008 | AT10: =TRAIN_SUMMARY!$C$2+SUM(AH10:AS10) -> 1.76317 | AU10: =1/(1+EXP(-AT10)) -> 0.85360624 | AV10: =-((U10*LN(AU10))+(1-U10)*LN(1-AU10)) -> 0.15828527 | AW10: =IF(U10=0,1,0) -> 0 | AX10: =IF(U10=1,1,0) -> 1 | AY10: =AY9+AW10 -> 1 | AZ10: =AZ9+AX10 -> 8 | BA10: =AY10/SUM($AW$2:$AW$701) -> 0.0020618557 | BB10: =AZ10/SUM($AX$2:$AX$701) -> 0.037209302 | BC10: =ABS(BA10-BB10) -> 0.035147447 | BD10: =BB10 -> 0.037209302 | BE10: =BA10 -> 0.0020618557 | BF10: =VLOOKUP(AH10,POINTS_TABLE!$D$2:$E$6,2,FALSE) -> 4.4087756 | BG10: =VLOOKUP(AI10,POINTS_TABLE!$D$7:$E$12,2,FALSE) -> 21.338227 | BH10: =VLOOKUP(AJ10,POINTS_TABLE!$D$13:$E$18,2,FALSE) -> -7.6023925 | BI10: =VLOOKUP(AK10,POINTS_TABLE!$D$21:$E$24,2,FALSE) -> 15.455276 | BJ10: =VLOOKUP(AL10,POINTS_TABLE!$D$25:$E$27,2,FALSE) -> 29.597177 | BK10: =VLOOKUP(AM10,POINTS_TABLE!$D$28:$E$33,2,FALSE) -> 21.135675 | BL10: =VLOOKUP(AN10,POINTS_TABLE!$D$34:$E$37,2,FALSE) -> 7.4046822 | BM10: =VLOOKUP(AO10,POINTS_TABLE!$D$38:$E$41,2,FALSE) -> -7.9935582 | BN10: =VLOOKUP(AP10,POINTS_TABLE!$D$42:$E$44,2,FALSE) -> 10.306836 | BO10: =VLOOKUP(AQ10,POINTS_TABLE!$D$45:$E$48,2,FALSE) -> 13.198713 | BP10: =VLOOKUP(AR10,POINTS_TABLE!$D$49:$E$50,2,FALSE) -> -3.4375704 | BQ10: =VLOOKUP(AS10,POINTS_TABLE!$D$51:$E$52,2,FALSE) -> 8.0505844 | BR10: =ROUND(SCORECARD_SCALLING!$C$6-SUM(BF10:BQ10)-TRAIN_SUMMARY!$C$2*SCORECARD_SCALLING!$C$5,0) -> 394 | BS10: =IF(BR10>=580,"Accept",IF(AND(BR10>=500,BR10<580),"Manual review","Reject")) -> Reject | BT10: =IF(BS10="Reject",1,IF(BS10="Manual review",2,3)) -> 1
A11: 0<=X<200 | B11: 48 | C11: no credits/all paid | D11: business | E11: 3844 | F11: 100<=X<500 | G11: 4<=X<7 | H11: 4 | I11: male single | J11: none | K11: 4 | L11: no known property | M11: 34 | N11: none | O11: for free | P11: 1 | Q11: unskilled resident | R11: 2 | S11: none | T11: yes | U11: 1 | V11: =_xlfn.XLOOKUP(B11,Binning_WOE_IV!$C$2:$C$6,Binning_WOE_IV!$I$2:$I$6,"not found",-1) -> -0.94704226 | W11: =_xlfn.XLOOKUP(E11,Binning_WOE_IV!$C$7:$C$12,Binning_WOE_IV!$I$7:$I$12,"not found",-1) -> 0.043939369 | X11: =_xlfn.XLOOKUP(M11,Binning_WOE_IV!$C$13:$C$18,Binning_WOE_IV!$I$13:$I$18,"not found",-1) -> -0.090210644 | Y11: =_xlfn.XLOOKUP(A11,Binning_WOE_IV!$B$32:$B$35,Binning_WOE_IV!$G$32:$G$35,"not found",0) -> -0.4555709 | Z11: =_xlfn.XLOOKUP(_xlfn.XLOOKUP(C11,Binning_WOE_IV!$AF$2:$AF$6,Binning_WOE_IV!$AG$2:$AG$6,"not found",0),Binning_WOE_IV!$R$36:$R$38,Binning_WOE_IV!$G$36:$G$38,"not found",0) -> -1.2442938 | AA11: {=_xlfn.SWITCH(D11,"radio/tv",Binning_WOE_IV!$G$39,"other",Binning_WOE_IV!$G$39,"education",Binning_WOE_IV!$G$40,"retraining",Binning_WOE_IV!$G$40,"furniture/equipment",Binning_WOE_IV!$G$41,"domestic appliance",Binning_WOE_IV!$G$41,"new car",Binning_WOE_IV!$G$42,"used car",Binning_WOE_IV!$G$43,"repairs",Binning_WOE_IV!$G$43,"business",Binning_WOE_IV!$G$44,"not found")} -> -0.47176157 | AB11: =_xlfn.LET(_xlpm.b,_xlfn.XLOOKUP(F11,Binning_WOE_IV!$AJ$2:$AJ$6,Binning_WOE_IV!$AK$2:$AK$6,"not found",0),IF(_xlpm.b="bin1",_xlfn.XLOOKUP(_xlpm.b,Binning_WOE_IV!$R$45:$R$48,Binning_WOE_IV!$G$45:$G$48,"not found",0),_xlfn.XLOOKUP(_xlpm.b,Binning_WOE_IV!$R$45:$R$48,Binning_WOE_IV!$G$45:$G$48,"not found",0))) -> -0.26494491 | AC11: =_xlfn.LET(_xlpm.b,_xlfn.XLOOKUP(G11,Binning_WOE_IV!$AL$2:$AL$6,Binning_WOE_IV!$AM$2:$AM$6,"not found",0),IF(_xlpm.b="bin1",_xlfn.XLOOKUP(_xlpm.b,Binning_WOE_IV!$R$49:$R$52,Binning_WOE_IV!$G$49:$G$52,"not found",0),_xlfn.XLOOKUP(_xlpm.b,Binning_WOE_IV!$R$49:$R$52,Binning_WOE_IV!$G$49:$G$52,"not found",0))) -> 0.3165647 | AD11: =_xlfn.XLOOKUP(_xlfn.XLOOKUP(I11,Binning_WOE_IV!$AN$2:$AN$5,Binning_WOE_IV!$AO$2:$AO$5,"not found",0),Binning_WOE_IV!$R$53:$R$55,Binning_WOE_IV!$G$53:$G$55,"not found",0) -> 0.18111171 | AE11: =_xlfn.LET(_xlpm.b,_xlfn.XLOOKUP(L11,Binning_WOE_IV!$AQ$2:$AQ$5,Binning_WOE_IV!$AR$2:$AR$5,"not found",0),IF(_xlpm.b="bin4",_xlfn.XLOOKUP(_xlpm.b,Binning_WOE_IV!$R$58:$R$61,Binning_WOE_IV!$G$58:$G$61,"not found",0),_xlfn.XLOOKUP(_xlpm.b,Binning_WOE_IV!$R$58:$R$61,Binning_WOE_IV!$G$58:$G$61,"not found",0))) -> -0.56219643 | AF11: =_xlfn.XLOOKUP(_xlfn.XLOOKUP(N11,Binning_WOE_IV!$AS$2:$AS$4,Binning_WOE_IV!$AT$2:$AT$4,"not found",0),Binning_WOE_IV!$R$62:$R$63,Binning_WOE_IV!$G$62:$G$63,"not found",0) -> 0.12957806 | AG11: =_xlfn.XLOOKUP(_xlfn.XLOOKUP(O11,Binning_WOE_IV!$AU$2:$AU$4,Binning_WOE_IV!$AV$2:$AV$4,"not found",0),Binning_WOE_IV!$R$64:$R$65,Binning_WOE_IV!$G$64:$G$65,"not found",0) -> -0.49192724 | AH11: =V11*TRAIN_SUMMARY!$C$3 -> 0.74681908 | AI11: =W11*TRAIN_SUMMARY!$C$4 -> -0.021929013 | AJ11: =X11*TRAIN_SUMMARY!$C$5 -> 0.057453904 | AK11: =Y11*TRAIN_SUMMARY!$C$6 -> 0.3570927 | AL11: =Z11*TRAIN_SUMMARY!$C$7 -> 0.68384 | AM11: =AA11*TRAIN_SUMMARY!$C$8 -> 0.48833778 | AN11: =AB11*TRAIN_SUMMARY!$C$9 -> 0.1890211 | AO11: =AC11*TRAIN_SUMMARY!$C$10 -> -0.18469041 | AP11: =AD11*TRAIN_SUMMARY!$C$11 -> -0.21458248 | AQ11: =AE11*TRAIN_SUMMARY!$C$12 -> 0.30495501 | AR11: =AF11*TRAIN_SUMMARY!$C$13 -> -0.079424742 | AS11: =AG11*TRAIN_SUMMARY!$C$14 -> 0.186008 | AT11: =TRAIN_SUMMARY!$C$2+SUM(AH11:AS11) -> 1.6915001 | AU11: =1/(1+EXP(-AT11)) -> 0.84442134 | AV11: =-((U11*LN(AU11))+(1-U11)*LN(1-AU11)) -> 0.16910369 | AW11: =IF(U11=0,1,0) -> 0 | AX11: =IF(U11=1,1,0) -> 1 | AY11: =AY10+AW11 -> 1 | AZ11: =AZ10+AX11 -> 9 | BA11: =AY11/SUM($AW$2:$AW$701) -> 0.0020618557 | BB11: =AZ11/SUM($AX$2:$AX$701) -> 0.041860465 | BC11: =ABS(BA11-BB11) -> 0.039798609 | BD11: =BB11 -> 0.041860465 | BE11: =BA11 -> 0.0020618557 | BF11: =VLOOKUP(AH11,POINTS_TABLE!$D$2:$E$6,2,FALSE) -> 32.322965 | BG11: =VLOOKUP(AI11,POINTS_TABLE!$D$7:$E$12,2,FALSE) -> -0.94910635 | BH11: =VLOOKUP(AJ11,POINTS_TABLE!$D$13:$E$18,2,FALSE) -> 2.4866539 | BI11: =VLOOKUP(AK11,POINTS_TABLE!$D$21:$E$24,2,FALSE) -> 15.455276 | BJ11: =VLOOKUP(AL11,POINTS_TABLE!$D$25:$E$27,2,FALSE) -> 29.597177 | BK11: =VLOOKUP(AM11,POINTS_TABLE!$D$28:$E$33,2,FALSE) -> 21.135675 | BL11: =VLOOKUP(AN11,POINTS_TABLE!$D$34:$E$37,2,FALSE) -> 8.1809943 | BM11: =VLOOKUP(AO11,POINTS_TABLE!$D$38:$E$41,2,FALSE) -> -7.9935582 | BN11: =VLOOKUP(AP11,POINTS_TABLE!$D$42:$E$44,2,FALSE) -> -9.2873124 | BO11: =VLOOKUP(AQ11,POINTS_TABLE!$D$45:$E$48,2,FALSE) -> 13.198713 | BP11: =VLOOKUP(AR11,POINTS_TABLE!$D$49:$E$50,2,FALSE) -> -3.4375704 | BQ11: =VLOOKUP(AS11,POINTS_TABLE!$D$51:$E$52,2,FALSE) -> 8.0505844 | BR11: =ROUND(SCORECARD_SCALLING!$C$6-SUM(BF11:BQ11)-TRAIN_SUMMARY!$C$2*SCORECARD_SCALLING!$C$5,0) -> 397 | BS11: =IF(BR11>=580,"Accept",IF(AND(BR11>=500,BR11<580),"Manual review","Reject")) -> Reject | BT11: =IF(BS11="Reject",1,IF(BS11="Manual review",2,3)) -> 1
A12: <0 | B12: 30 | C12: no credits/all paid | D12: business | E12: 8072 | F12: no known savings | G12: <1 | H12: 2 | I12: male single | J12: none | K12: 3 | L12: car | M12: 25 | N12: bank | O12: own | P12: 3 | Q12: skilled | R12: 1 | S12: none | T12: yes | U12: 0 | V12: =_xlfn.XLOOKUP(B12,Binning_WOE_IV!$C$2:$C$6,Binning_WOE_IV!$I$2:$I$6,"not found",-1) -> -0.12917431 | W12: =_xlfn.XLOOKUP(E12,Binning_WOE_IV!$C$7:$C$12,Binning_WOE_IV!$I$7:$I$12,"not found",-1) -> -0.98786425 | X12: =_xlfn.XLOOKUP(M12,Binning_WOE_IV!$C$13:$C$18,Binning_WOE_IV!$I$13:$I$18,"not found",-1) -> -0.40221483 | Y12: =_xlfn.XLOOKUP(A12,Binning_WOE_IV!$B$32:$B$35,Binning_WOE_IV!$G$32:$G$35,"not found",0) -> -0.67859154 | Z12: =_xlfn.XLOOKUP(_xlfn.XLOOKUP(C12,Binning_WOE_IV!$AF$2:$AF$6,Binning_WOE_IV!$AG$2:$AG$6,"not found",0),Binning_WOE_IV!$R$36:$R$38,Binning_WOE_IV!$G$36:$G$38,"not found",0) -> -1.2442938 | AA12: {=_xlfn.SWITCH(D12,"radio/tv",Binning_WOE_IV!$G$39,"other",Binning_WOE_IV!$G$39,"education",Binning_WOE_IV!$G$40,"retraining",Binning_WOE_IV!$G$40,"furniture/equipment",Binning_WOE_IV!$G$41,"domestic appliance",Binning_WOE_IV!$G$41,"new car",Binning_WOE_IV!$G$42,"used car",Binning_WOE_IV!$G$43,"repairs",Binning_WOE_IV!$G$43,"business",Binning_WOE_IV!$G$44,"not found")} -> -0.47176157 | AB12: =_xlfn.LET(_xlpm.b,_xlfn.XLOOKUP(F12,Binning_WOE_IV!$AJ$2:$AJ$6,Binning_WOE_IV!$AK$2:$AK$6,"not found",0),IF(_xlpm.b="bin1",_xlfn.XLOOKUP(_xlpm.b,Binning_WOE_IV!$R$45:$R$48,Binning_WOE_IV!$G$45:$G$48,"not found",0),_xlfn.XLOOKUP(_xlpm.b,Binning_WOE_IV!$R$45:$R$48,Binning_WOE_IV!$G$45:$G$48,"not found",0))) -> 0.69538582 | AC12: =_xlfn.LET(_xlpm.b,_xlfn.XLOOKUP(G12,Binning_WOE_IV!$AL$2:$AL$6,Binning_WOE_IV!$AM$2:$AM$6,"not found",0),IF(_xlpm.b="bin1",_xlfn.XLOOKUP(_xlpm.b,Binning_WOE_IV!$R$49:$R$52,Binning_WOE_IV!$G$49:$G$52,"not found",0),_xlfn.XLOOKUP(_xlpm.b,Binning_WOE_IV!$R$49:$R$52,Binning_WOE_IV!$G$49:$G$52,"not found",0))) -> -0.49142736 | AD12: =_xlfn.XLOOKUP(_xlfn.XLOOKUP(I12,Binning_WOE_IV!$AN$2:$AN$5,Binning_WOE_IV!$AO$2:$AO$5,"not found",0),Binning_WOE_IV!$R$53:$R$55,Binning_WOE_IV!$G$53:$G$55,"not found",0) -> 0.18111171 | AE12: =_xlfn.LET(_xlpm.b,_xlfn.XLOOKUP(L12,Binning_WOE_IV!$AQ$2:$AQ$5,Binning_WOE_IV!$AR$2:$AR$5,"not found",0),IF(_xlpm.b="bin4",_xlfn.XLOOKUP(_xlpm.b,Binning_WOE_IV!$R$58:$R$61,Binning_WOE_IV!$G$58:$G$61,"not found",0),_xlfn.XLOOKUP(_xlpm.b,Binning_WOE_IV!$R$58:$R$61,Binning_WOE_IV!$G$58:$G$61,"not found",0))) -> -0.11389117 | AF12: =_xlfn.XLOOKUP(_xlfn.XLOOKUP(N12,Binning_WOE_IV!$AS$2:$AS$4,Binning_WOE_IV!$AT$2:$AT$4,"not found",0),Binning_WOE_IV!$R$62:$R$63,Binning_WOE_IV!$G$62:$G$63,"not found",0) -> -0.54969627 | AG12: =_xlfn.XLOOKUP(_xlfn.XLOOKUP(O12,Binning_WOE_IV!$AU$2:$AU$4,Binning_WOE_IV!$AV$2:$AV$4,"not found",0),Binning_WOE_IV!$R$64:$R$65,Binning_WOE_IV!$G$64:$G$65,"not found",0) -> 0.23435623 | AH12: =V12*TRAIN_SUMMARY!$C$3 -> 0.10186435 | AI12: =W12*TRAIN_SUMMARY!$C$4 -> 0.49301773 | AJ12: =X12*TRAIN_SUMMARY!$C$5 -> 0.25616503 | AK12: =Y12*TRAIN_SUMMARY!$C$6 -> 0.53190423 | AL12: =Z12*TRAIN_SUMMARY!$C$7 -> 0.68384 | AM12: =AA12*TRAIN_SUMMARY!$C$8 -> 0.48833778 | AN12: =AB12*TRAIN_SUMMARY!$C$9 -> -0.49611293 | AO12: =AC12*TRAIN_SUMMARY!$C$10 -> 0.28670892 | AP12: =AD12*TRAIN_SUMMARY!$C$11 -> -0.21458248 | AQ12: =AE12*TRAIN_SUMMARY!$C$12 -> 0.061778554 | AR12: =AF12*TRAIN_SUMMARY!$C$13 -> 0.33693577 | AS12: =AG12*TRAIN_SUMMARY!$C$14 -> -0.088615 | AT12: =TRAIN_SUMMARY!$C$2+SUM(AH12:AS12) -> 1.6198411 | AU12: =1/(1+EXP(-AT12)) -> 0.83477322 | AV12: =-((U12*LN(AU12))+(1-U12)*LN(1-AU12)) -> 1.8004363 | AW12: =IF(U12=0,1,0) -> 1 | AX12: =IF(U12=1,1,0) -> 0 | AY12: =AY11+AW12 -> 2 | AZ12: =AZ11+AX12 -> 9 | BA12: =AY12/SUM($AW$2:$AW$701) -> 0.0041237113 | BB12: =AZ12/SUM($AX$2:$AX$701) -> 0.041860465 | BC12: =ABS(BA12-BB12) -> 0.037736754 | BD12: =BB12 -> 0.041860465 | BE12: =BA12 -> 0.0041237113 | BF12: =VLOOKUP(AH12,POINTS_TABLE!$D$2:$E$6,2,FALSE) -> 4.4087756 | BG12: =VLOOKUP(AI12,POINTS_TABLE!$D$7:$E$12,2,FALSE) -> 21.338227 | BH12: =VLOOKUP(AJ12,POINTS_TABLE!$D$13:$E$18,2,FALSE) -> 11.087041 | BI12: =VLOOKUP(AK12,POINTS_TABLE!$D$21:$E$24,2,FALSE) -> 23.021268 | BJ12: =VLOOKUP(AL12,POINTS_TABLE!$D$25:$E$27,2,FALSE) -> 29.597177 | BK12: =VLOOKUP(AM12,POINTS_TABLE!$D$28:$E$33,2,FALSE) -> 21.135675 | BL12: =VLOOKUP(AN12,POINTS_TABLE!$D$34:$E$37,2,FALSE) -> -21.47219 | BM12: =VLOOKUP(AO12,POINTS_TABLE!$D$38:$E$41,2,FALSE) -> 12.409006 | BN12: =VLOOKUP(AP12,POINTS_TABLE!$D$42:$E$44,2,FALSE) -> -9.2873124 | BO12: =VLOOKUP(AQ12,POINTS_TABLE!$D$45:$E$48,2,FALSE) -> 2.6738284 | BP12: =VLOOKUP(AR12,POINTS_TABLE!$D$49:$E$50,2,FALSE) -> 14.582867 | BQ12: =VLOOKUP(AS12,POINTS_TABLE!$D$51:$E$52,2,FALSE) -> -3.8353326 | BR12: =ROUND(SCORECARD_SCALLING!$C$6-SUM(BF12:BQ12)-TRAIN_SUMMARY!$C$2*SCORECARD_SCALLING!$C$5,0) -> 400 | BS12: =IF(BR12>=580,"Accept",IF(AND(BR12>=500,BR12<580),"Manual review","Reject")) -> Reject | BT12: =IF(BS12="Reject",1,IF(BS12="Manual review",2,3)) -> 1
A13: 0<=X<200 | B13: 30 | C13: no credits/all paid | D13: business | E13: 4280 | F13: 100<=X<500 | G13: 1<=X<4 | H13: 4 | I13: female div/dep/mar | J13: none | K13: 4 | L13: car | M13: 26 | N13: none | O13: rent | P13: 2 | Q13: unskilled resident | R13: 1 | S13: none | T13: yes | U13: 1 | V13: =_xlfn.XLOOKUP(B13,Binning_WOE_IV!$C$2:$C$6,Binning_WOE_IV!$I$2:$I$6,"not found",-1) -> -0.12917431 | W13: =_xlfn.XLOOKUP(E13,Binning_WOE_IV!$C$7:$C$12,Binning_WOE_IV!$I$7:$I$12,"not found",-1) -> 0.043939369 | X13: =_xlfn.XLOOKUP(M13,Binning_WOE_IV!$C$13:$C$18,Binning_WOE_IV!$I$13:$I$18,"not found",-1) -> -0.13233987 | Y13: =_xlfn.XLOOKUP(A13,Binning_WOE_IV!$B$32:$B$35,Binning_WOE_IV!$G$32:$G$35,"not found",0) -> -0.4555709 | Z13: =_xlfn.XLOOKUP(_xlfn.XLOOKUP(C13,Binning_WOE_IV!$AF$2:$AF$6,Binning_WOE_IV!$AG$2:$AG$6,"not found",0),Binning_WOE_IV!$R$36:$R$38,Binning_WOE_IV!$G$36:$G$38,"not found",0) -> -1.2442938 | AA13: {=_xlfn.SWITCH(D13,"radio/tv",Binning_WOE_IV!$G$39,"other",Binning_WOE_IV!$G$39,"education",Binning_WOE_IV!$G$40,"retraining",Binning_WOE_IV!$G$40,"furniture/equipment",Binning_WOE_IV!$G$41,"domestic appliance",Binning_WOE_IV!$G$41,"new car",Binning_WOE_IV!$G$42,"used car",Binning_WOE_IV!$G$43,"repairs",Binning_WOE_IV!$G$43,"business",Binning_WOE_IV!$G$44,"not found")} -> -0.47176157 | AB13: =_xlfn.LET(_xlpm.b,_xlfn.XLOOKUP(F13,Binning_WOE_IV!$AJ$2:$AJ$6,Binning_WOE_IV!$AK$2:$AK$6,"not found",0),IF(_xlpm.b="bin1",_xlfn.XLOOKUP(_xlpm.b,Binning_WOE_IV!$R$45:$R$48,Binning_WOE_IV!$G$45:$G$48,"not found",0),_xlfn.XLOOKUP(_xlpm.b,Binning_WOE_IV!$R$45:$R$48,Binning_WOE_IV!$G$45:$G$48,"not found",0))) -> -0.26494491 | AC13: =_xlfn.LET(_xlpm.b,_xlfn.XLOOKUP(G13,Binning_WOE_IV!$AL$2:$AL$6,Binning_WOE_IV!$AM$2:$AM$6,"not found",0),IF(_xlpm.b="bin1",_xlfn.XLOOKUP(_xlpm.b,Binning_WOE_IV!$R$49:$R$52,Binning_WOE_IV!$G$49:$G$52,"not found",0),_xlfn.XLOOKUP(_xlpm.b,Binning_WOE_IV!$R$49:$R$52,Binning_WOE_IV!$G$49:$G$52,"not found",0))) -> -0.082142469 | AD13: =_xlfn.XLOOKUP(_xlfn.XLOOKUP(I13,Binning_WOE_IV!$AN$2:$AN$5,Binning_WOE_IV!$AO$2:$AO$5,"not found",0),Binning_WOE_IV!$R$53:$R$55,Binning_WOE_IV!$G$53:$G$55,"not found",0) -> -0.20099342 | AE13: =_xlfn.LET(_xlpm.b,_xlfn.XLOOKUP(L13,Binning_WOE_IV!$AQ$2:$AQ$5,Binning_WOE_IV!$AR$2:$AR$5,"not found",0),IF(_xlpm.b="bin4",_xlfn.XLOOKUP(_xlpm.b,Binning_WOE_IV!$R$58:$R$61,Binning_WOE_IV!$G$58:$G$61,"not found",0),_xlfn.XLOOKUP(_xlpm.b,Binning_WOE_IV!$R$58:$R$61,Binning_WOE_IV!$G$58:$G$61,"not found",0))) -> -0.11389117 | AF13: =_xlfn.XLOOKUP(_xlfn.XLOOKUP(N13,Binning_WOE_IV!$AS$2:$AS$4,Binning_WOE_IV!$AT$2:$AT$4,"not found",0),Binning_WOE_IV!$R$62:$R$63,Binning_WOE_IV!$G$62:$G$63,"not found",0) -> 0.12957806 | AG13: =_xlfn.XLOOKUP(_xlfn.XLOOKUP(O13,Binning_WOE_IV!$AU$2:$AU$4,Binning_WOE_IV!$AV$2:$AV$4,"not found",0),Binning_WOE_IV!$R$64:$R$65,Binning_WOE_IV!$G$64:$G$65,"not found",0) -> -0.49192724 | AH13: =V13*TRAIN_SUMMARY!$C$3 -> 0.10186435 | AI13: =W13*TRAIN_SUMMARY!$C$4 -> -0.021929013 | AJ13: =X13*TRAIN_SUMMARY!$C$5 -> 0.084285423 | AK13: =Y13*TRAIN_SUMMARY!$C$6 -> 0.3570927 | AL13: =Z13*TRAIN_SUMMARY!$C$7 -> 0.68384 | AM13: =AA13*TRAIN_SUMMARY!$C$8 -> 0.48833778 | AN13: =AB13*TRAIN_SUMMARY!$C$9 -> 0.1890211 | AO13: =AC13*TRAIN_SUMMARY!$C$10 -> 0.047923621 | AP13: =AD13*TRAIN_SUMMARY!$C$11 -> 0.23813847 | AQ13: =AE13*TRAIN_SUMMARY!$C$12 -> 0.061778554 | AR13: =AF13*TRAIN_SUMMARY!$C$13 -> -0.079424742 | AS13: =AG13*TRAIN_SUMMARY!$C$14 -> 0.186008 | AT13: =TRAIN_SUMMARY!$C$2+SUM(AH13:AS13) -> 1.5155354 | AU13: =1/(1+EXP(-AT13)) -> 0.81988011 | AV13: =-((U13*LN(AU13))+(1-U13)*LN(1-AU13)) -> 0.19859716 | AW13: =IF(U13=0,1,0) -> 0 | AX13: =IF(U13=1,1,0) -> 1 | AY13: =AY12+AW13 -> 2 | AZ13: =AZ12+AX13 -> 10 | BA13: =AY13/SUM($AW$2:$AW$701) -> 0.0041237113 | BB13: =AZ13/SUM($AX$2:$AX$701) -> 0.046511628 | BC13: =ABS(BA13-BB13) -> 0.042387917 | BD13: =BB13 -> 0.046511628 | BE13: =BA13 -> 0.0041237113 | BF13: =VLOOKUP(AH13,POINTS_TABLE!$D$2:$E$6,2,FALSE) -> 4.4087756 | BG13: =VLOOKUP(AI13,POINTS_TABLE!$D$7:$E$12,2,FALSE) -> -0.94910635 | BH13: =VLOOKUP(AJ13,POINTS_TABLE!$D$13:$E$18,2,FALSE) -> 3.6479449 | BI13: =VLOOKUP(AK13,POINTS_TABLE!$D$21:$E$24,2,FALSE) -> 15.455276 | BJ13: =VLOOKUP(AL13,POINTS_TABLE!$D$25:$E$27,2,FALSE) -> 29.597177 | BK13: =VLOOKUP(AM13,POINTS_TABLE!$D$28:$E$33,2,FALSE) -> 21.135675 | BL13: =VLOOKUP(AN13,POINTS_TABLE!$D$34:$E$37,2,FALSE) -> 8.1809943 | BM13: =VLOOKUP(AO13,POINTS_TABLE!$D$38:$E$41,2,FALSE) -> 2.0741751 | BN13: =VLOOKUP(AP13,POINTS_TABLE!$D$42:$E$44,2,FALSE) -> 10.306836 | BO13: =VLOOKUP(AQ13,POINTS_TABLE!$D$45:$E$48,2,FALSE) -> 2.6738284 | BP13: =VLOOKUP(AR13,POINTS_TABLE!$D$49:$E$50,2,FALSE) -> -3.4375704 | BQ13: =VLOOKUP(AS13,POINTS_TABLE!$D$51:$E$52,2,FALSE) -> 8.0505844 | BR13: =ROUND(SCORECARD_SCALLING!$C$6-SUM(BF13:BQ13)-TRAIN_SUMMARY!$C$2*SCORECARD_SCALLING!$C$5,0) -> 405 | BS13: =IF(BR13>=580,"Accept",IF(AND(BR13>=500,BR13<580),"Manual review","Reject")) -> Reject | BT13: =IF(BS13="Reject",1,IF(BS13="Manual review",2,3)) -> 1
A14: <0 | B14: 24 | C14: existing paid | D14: business | E14: 6568 | F14: <100 | G14: 1<=X<4 | H14: 2 | I14: male mar/wid | J14: none | K14: 2 | L14: car | M14: 21 | N14: stores | O14: own | P14: 1 | Q14: unskilled resident | R14: 1 | S14: none | T14: yes | U14: 0 | V14: =_xlfn.XLOOKUP(B14,Binning_WOE_IV!$C$2:$C$6,Binning_WOE_IV!$I$2:$I$6,"not found",-1) -> -0.12917431 | W14: =_xlfn.XLOOKUP(E14,Binning_WOE_IV!$C$7:$C$12,Binning_WOE_IV!$I$7:$I$12,"not found",-1) -> -0.10201454 | X14: =_xlfn.XLOOKUP(M14,Binning_WOE_IV!$C$13:$C$18,Binning_WOE_IV!$I$13:$I$18,"not found",-1) -> -0.40221483 | Y14: =_xlfn.XLOOKUP(A14,Binning_WOE_IV!$B$32:$B$35,Binning_WOE_IV!$G$32:$G$35,"not found",0) -> -0.67859154 | Z14: =_xlfn.XLOOKUP(_xlfn.XLOOKUP(C14,Binning_WOE_IV!$AF$2:$AF$6,Binning_WOE_IV!$AG$2:$AG$6,"not found",0),Binning_WOE_IV!$R$36:$R$38,Binning_WOE_IV!$G$36:$G$38,"not found",0) -> -0.044726268 | AA14: {=_xlfn.SWITCH(D14,"radio/tv",Binning_WOE_IV!$G$39,"other",Binning_WOE_IV!$G$39,"education",Binning_WOE_IV!$G$40,"retraining",Binning_WOE_IV!$G$40,"furniture/equipment",Binning_WOE_IV!$G$41,"domestic appliance",Binning_WOE_IV!$G$41,"new car",Binning_WOE_IV!$G$42,"used car",Binning_WOE_IV!$G$43,"repairs",Binning_WOE_IV!$G$43,"business",Binning_WOE_IV!$G$44,"not found")} -> -0.47176157 | AB14: =_xlfn.LET(_xlpm.b,_xlfn.XLOOKUP(F14,Binning_WOE_IV!$AJ$2:$AJ$6,Binning_WOE_IV!$AK$2:$AK$6,"not found",0),IF(_xlpm.b="bin1",_xlfn.XLOOKUP(_xlpm.b,Binning_WOE_IV!$R$45:$R$48,Binning_WOE_IV!$G$45:$G$48,"not found",0),_xlfn.XLOOKUP(_xlpm.b,Binning_WOE_IV!$R$45:$R$48,Binning_WOE_IV!$G$45:$G$48,"not found",0))) -> -0.23980372 | AC14: =_xlfn.LET(_xlpm.b,_xlfn.XLOOKUP(G14,Binning_WOE_IV!$AL$2:$AL$6,Binning_WOE_IV!$AM$2:$AM$6,"not found",0),IF(_xlpm.b="bin1",_xlfn.XLOOKUP(_xlpm.b,Binning_WOE_IV!$R$49:$R$52,Binning_WOE_IV!$G$49:$G$52,"not found",0),_xlfn.XLOOKUP(_xlpm.b,Binning_WOE_IV!$R$49:$R$52,Binning_WOE_IV!$G$49:$G$52,"not found",0))) -> -0.082142469 | AD14: =_xlfn.XLOOKUP(_xlfn.XLOOKUP(I14,Binning_WOE_IV!$AN$2:$AN$5,Binning_WOE_IV!$AO$2:$AO$5,"not found",0),Binning_WOE_IV!$R$53:$R$55,Binning_WOE_IV!$G$53:$G$55,"not found",0) -> -0.26989542 | AE14: =_xlfn.LET(_xlpm.b,_xlfn.XLOOKUP(L14,Binning_WOE_IV!$AQ$2:$AQ$5,Binning_WOE_IV!$AR$2:$AR$5,"not found",0),IF(_xlpm.b="bin4",_xlfn.XLOOKUP(_xlpm.b,Binning_WOE_IV!$R$58:$R$61,Binning_WOE_IV!$G$58:$G$61,"not found",0),_xlfn.XLOOKUP(_xlpm.b,Binning_WOE_IV!$R$58:$R$61,Binning_WOE_IV!$G$58:$G$61,"not found",0))) -> -0.11389117 | AF14: =_xlfn.XLOOKUP(_xlfn.XLOOKUP(N14,Binning_WOE_IV!$AS$2:$AS$4,Binning_WOE_IV!$AT$2:$AT$4,"not found",0),Binning_WOE_IV!$R$62:$R$63,Binning_WOE_IV!$G$62:$G$63,"not found",0) -> -0.54969627 | AG14: =_xlfn.XLOOKUP(_xlfn.XLOOKUP(O14,Binning_WOE_IV!$AU$2:$AU$4,Binning_WOE_IV!$AV$2:$AV$4,"not found",0),Binning_WOE_IV!$R$64:$R$65,Binning_WOE_IV!$G$64:$G$65,"not found",0) -> 0.23435623 | AH14: =V14*TRAIN_SUMMARY!$C$3 -> 0.10186435 | AI14: =W14*TRAIN_SUMMARY!$C$4 -> 0.050912844 | AJ14: =X14*TRAIN_SUMMARY!$C$5 -> 0.25616503 | AK14: =Y14*TRAIN_SUMMARY!$C$6 -> 0.53190423 | AL14: =Z14*TRAIN_SUMMARY!$C$7 -> 0.024580699 | AM14: =AA14*TRAIN_SUMMARY!$C$8 -> 0.48833778 | AN14: =AB14*TRAIN_SUMMARY!$C$9 -> 0.17108449 | AO14: =AC14*TRAIN_SUMMARY!$C$10 -> 0.047923621 | AP14: =AD14*TRAIN_SUMMARY!$C$11 -> 0.31977406 | AQ14: =AE14*TRAIN_SUMMARY!$C$12 -> 0.061778554 | AR14: =AF14*TRAIN_SUMMARY!$C$13 -> 0.33693577 | AS14: =AG14*TRAIN_SUMMARY!$C$14 -> -0.088615 | AT14: =TRAIN_SUMMARY!$C$2+SUM(AH14:AS14) -> 1.4812456 | AU14: =1/(1+EXP(-AT14)) -> 0.81476065 | AV14: =-((U14*LN(AU14))+(1-U14)*LN(1-AU14)) -> 1.6861065 | AW14: =IF(U14=0,1,0) -> 1 | AX14: =IF(U14=1,1,0) -> 0 | AY14: =AY13+AW14 -> 3 | AZ14: =AZ13+AX14 -> 10 | BA14: =AY14/SUM($AW$2:$AW$701) -> 0.006185567 | BB14: =AZ14/SUM($AX$2:$AX$701) -> 0.046511628 | BC14: =ABS(BA14-BB14) -> 0.040326061 | BD14: =BB14 -> 0.046511628 | BE14: =BA14 -> 0.006185567 | BF14: =VLOOKUP(AH14,POINTS_TABLE!$D$2:$E$6,2,FALSE) -> 4.4087756 | BG14: =VLOOKUP(AI14,POINTS_TABLE!$D$7:$E$12,2,FALSE) -> 2.2035512 | BH14: =VLOOKUP(AJ14,POINTS_TABLE!$D$13:$E$18,2,FALSE) -> 11.087041 | BI14: =VLOOKUP(AK14,POINTS_TABLE!$D$21:$E$24,2,FALSE) -> 23.021268 | BJ14: =VLOOKUP(AL14,POINTS_TABLE!$D$25:$E$27,2,FALSE) -> 1.0638736 | BK14: =VLOOKUP(AM14,POINTS_TABLE!$D$28:$E$33,2,FALSE) -> 21.135675 | BL14: =VLOOKUP(AN14,POINTS_TABLE!$D$34:$E$37,2,FALSE) -> 7.4046822 | BM14: =VLOOKUP(AO14,POINTS_TABLE!$D$38:$E$41,2,FALSE) -> 2.0741751 | BN14: =VLOOKUP(AP14,POINTS_TABLE!$D$42:$E$44,2,FALSE) -> 13.840094 | BO14: =VLOOKUP(AQ14,POINTS_TABLE!$D$45:$E$48,2,FALSE) -> 2.6738284 | BP14: =VLOOKUP(AR14,POINTS_TABLE!$D$49:$E$50,2,FALSE) -> 14.582867 | BQ14: =VLOOKUP(AS14,POINTS_TABLE!$D$51:$E$52,2,FALSE) -> -3.8353326 | BR14: =ROUND(SCORECARD_SCALLING!$C$6-SUM(BF14:BQ14)-TRAIN_SUMMARY!$C$2*SCORECARD_SCALLING!$C$5,0) -> 406 | BS14: =IF(BR14>=580,"Accept",IF(AND(BR14>=500,BR14<580),"Manual review","Reject")) -> Reject | BT14: =IF(BS14="Reject",1,IF(BS14="Manual review",2,3)) -> 1
... A701: no checking | B701: 7 | C701: critical/other existing credit | D701: radio/tv | E701: 730 | F701: no known savings | G701: >=7 | H701: 4 | I701: male single | J701: none | K701: 2 | L701: life insurance | M701: 46 | N701: none | O701: rent | P701: 2 | Q701: unskilled resident | R701: 1 | S701: yes | T701: yes | U701: 0 | V701: =_xlfn.XLOOKUP(B701,Binning_WOE_IV!$C$2:$C$6,Binning_WOE_IV!$I$2:$I$6,"not found",-1) -> 1.0146163 | W701: =_xlfn.XLOOKUP(E701,Binning_WOE_IV!$C$7:$C$12,Binning_WOE_IV!$I$7:$I$12,"not found",-1) -> 0.039978968 | X701: =_xlfn.XLOOKUP(M701,Binning_WOE_IV!$C$13:$C$18,Binning_WOE_IV!$I$13:$I$18,"not found",-1) -> 0.42044277 | Y701: =_xlfn.XLOOKUP(A701,Binning_WOE_IV!$B$32:$B$35,Binning_WOE_IV!$G$32:$G$35,"not found",0) -> 1.1281888 | Z701: =_xlfn.XLOOKUP(_xlfn.XLOOKUP(C701,Binning_WOE_IV!$AF$2:$AF$6,Binning_WOE_IV!$AG$2:$AG$6,"not found",0),Binning_WOE_IV!$R$36:$R$38,Binning_WOE_IV!$G$36:$G$38,"not found",0) -> 0.68738688 | AA701: {=_xlfn.SWITCH(D701,"radio/tv",Binning_WOE_IV!$G$39,"other",Binning_WOE_IV!$G$39,"education",Binning_WOE_IV!$G$40,"retraining",Binning_WOE_IV!$G$40,"furniture/equipment",Binning_WOE_IV!$G$41,"domestic appliance",Binning_WOE_IV!$G$41,"new car",Binning_WOE_IV!$G$42,"used car",Binning_WOE_IV!$G$43,"repairs",Binning_WOE_IV!$G$43,"business",Binning_WOE_IV!$G$44,"not found")} -> 0.42044277 | AB701: =_xlfn.LET(_xlpm.b,_xlfn.XLOOKUP(F701,Binning_WOE_IV!$AJ$2:$AJ$6,Binning_WOE_IV!$AK$2:$AK$6,"not found",0),IF(_xlpm.b="bin1",_xlfn.XLOOKUP(_xlpm.b,Binning_WOE_IV!$R$45:$R$48,Binning_WOE_IV!$G$45:$G$48,"not found",0),_xlfn.XLOOKUP(_xlpm.b,Binning_WOE_IV!$R$45:$R$48,Binning_WOE_IV!$G$45:$G$48,"not found",0))) -> 0.69538582 | AC701: =_xlfn.LET(_xlpm.b,_xlfn.XLOOKUP(G701,Binning_WOE_IV!$AL$2:$AL$6,Binning_WOE_IV!$AM$2:$AM$6,"not found",0),IF(_xlpm.b="bin1",_xlfn.XLOOKUP(_xlpm.b,Binning_WOE_IV!$R$49:$R$52,Binning_WOE_IV!$G$49:$G$52,"not found",0),_xlfn.XLOOKUP(_xlpm.b,Binning_WOE_IV!$R$49:$R$52,Binning_WOE_IV!$G$49:$G$52,"not found",0))) -> 0.3165647 | AD701: =_xlfn.XLOOKUP(_xlfn.XLOOKUP(I701,Binning_WOE_IV!$AN$2:$AN$5,Binning_WOE_IV!$AO$2:$AO$5,"not found",0),Binning_WOE_IV!$R$53:$R$55,Binning_WOE_IV!$G$53:$G$55,"not found",0) -> 0.18111171 | AE701: =_xlfn.LET(_xlpm.b,_xlfn.XLOOKUP(L701,Binning_WOE_IV!$AQ$2:$AQ$5,Binning_WOE_IV!$AR$2:$AR$5,"not found",0),IF(_xlpm.b="bin4",_xlfn.XLOOKUP(_xlpm.b,Binning_WOE_IV!$R$58:$R$61,Binning_WOE_IV!$G$58:$G$61,"not found",0),_xlfn.XLOOKUP(_xlpm.b,Binning_WOE_IV!$R$58:$R$61,Binning_WOE_IV!$G$58:$G$61,"not found",0))) -> 0.033786998 | AF701: =_xlfn.XLOOKUP(_xlfn.XLOOKUP(N701,Binning_WOE_IV!$AS$2:$AS$4,Binning_WOE_IV!$AT$2:$AT$4,"not found",0),Binning_WOE_IV!$R$62:$R$63,Binning_WOE_IV!$G$62:$G$63,"not found",0) -> 0.12957806 | AG701: =_xlfn.XLOOKUP(_xlfn.XLOOKUP(O701,Binning_WOE_IV!$AU$2:$AU$4,Binning_WOE_IV!$AV$2:$AV$4,"not found",0),Binning_WOE_IV!$R$64:$R$65,Binning_WOE_IV!$G$64:$G$65,"not found",0) -> -0.49192724 | AH701: =V701*TRAIN_SUMMARY!$C$3 -> -0.80010662 | AI701: =W701*TRAIN_SUMMARY!$C$4 -> -0.019952478 | AJ701: =X701*TRAIN_SUMMARY!$C$5 -> -0.26777415 | AK701: =Y701*TRAIN_SUMMARY!$C$6 -> -0.88431454 | AL701: =Z701*TRAIN_SUMMARY!$C$7 -> -0.37777465 | AM701: =AA701*TRAIN_SUMMARY!$C$8 -> -0.43521581 | AN701: =AB701*TRAIN_SUMMARY!$C$9 -> -0.49611293 | AO701: =AC701*TRAIN_SUMMARY!$C$10 -> -0.18469041 | AP701: =AD701*TRAIN_SUMMARY!$C$11 -> -0.21458248 | AQ701: =AE701*TRAIN_SUMMARY!$C$12 -> -0.018327249 | AR701: =AF701*TRAIN_SUMMARY!$C$13 -> -0.079424742 | AS701: =AG701*TRAIN_SUMMARY!$C$14 -> 0.186008 | AT701: =TRAIN_SUMMARY!$C$2+SUM(AH701:AS701) -> -4.4136689 | AU701: =1/(1+EXP(-AT701)) -> 0.011965751 | AV701: =-((U701*LN(AU701))+(1-U701)*LN(1-AU701)) -> 0.012037917 | AW701: =IF(U701=0,1,0) -> 1 | AX701: =IF(U701=1,1,0) -> 0 | AY701: =AY700+AW701 -> 485 | AZ701: =AZ700+AX701 -> 215 | BA701: =AY701/SUM($AW$2:$AW$701) -> 1 | BB701: =AZ701/SUM($AX$2:$AX$701) -> 1 | BC701: =ABS(BA701-BB701) -> 0 | BD701: =BB701 -> 1 | BE701: =BA701 -> 1 | BF701: =VLOOKUP(AH701,POINTS_TABLE!$D$2:$E$6,2,FALSE) -> -34.629295 | BG701: =VLOOKUP(AI701,POINTS_TABLE!$D$7:$E$12,2,FALSE) -> -0.86356024 | BH701: =VLOOKUP(AJ701,POINTS_TABLE!$D$13:$E$18,2,FALSE) -> -11.589493 | BI701: =VLOOKUP(AK701,POINTS_TABLE!$D$21:$E$24,2,FALSE) -> -38.273886 | BJ701: =VLOOKUP(AL701,POINTS_TABLE!$D$25:$E$27,2,FALSE) -> -16.350408 | BK701: =VLOOKUP(AM701,POINTS_TABLE!$D$28:$E$33,2,FALSE) -> -18.836511 | BL701: =VLOOKUP(AN701,POINTS_TABLE!$D$34:$E$37,2,FALSE) -> -21.47219 | BM701: =VLOOKUP(AO701,POINTS_TABLE!$D$38:$E$41,2,FALSE) -> -7.9935582 | BN701: =VLOOKUP(AP701,POINTS_TABLE!$D$42:$E$44,2,FALSE) -> -9.2873124 | BO701: =VLOOKUP(AQ701,POINTS_TABLE!$D$45:$E$48,2,FALSE) -> -0.79321896 | BP701: =VLOOKUP(AR701,POINTS_TABLE!$D$49:$E$50,2,FALSE) -> -3.4375704 | BQ701: =VLOOKUP(AS701,POINTS_TABLE!$D$51:$E$52,2,FALSE) -> 8.0505844 | BR701: =ROUND(SCORECARD_SCALLING!$C$6-SUM(BF701:BQ701)-TRAIN_SUMMARY!$C$2*SCORECARD_SCALLING!$C$5,0) -> 661 | BS701: =IF(BR701>=580,"Accept",IF(AND(BR701>=500,BR701<580),"Manual review","Reject")) -> Accept | BT701: =IF(BS701="Reject",1,IF(BS701="Manual review",2,3)) -> 3

Sheet TRAIN_AUC
A1: TPR | B1: FPR | C1: AUC_piece
A2: 0 | B2: 0 | C2: =(B3-B2)*((A3+A2)/2) -> 0 | F2: PD largest to smallest
A3: 0.0046511628 | B3: 0 | C3: =(B4-B3)*((A4+A3)/2) -> 0
A4: 0.0093023256 | B4: 0 | C4: =(B5-B4)*((A5+A4)/2) -> 0
A5: 0.013953488 | B5: 0 | C5: =(B6-B5)*((A6+A5)/2) -> 0
A6: 0.018604651 | B6: 0 | C6: =(B7-B6)*((A7+A6)/2) -> 0
A7: 0.023255814 | B7: 0 | C7: =(B8-B7)*((A8+A7)/2) -> 4.7950132e-05
A8: 0.023255814 | B8: 0.0020618557 | C8: =(B9-B8)*((A9+A8)/2) -> 0
A9: 0.027906977 | B9: 0.0020618557 | C9: =(B10-B9)*((A10+A9)/2) -> 0
A10: 0.03255814 | B10: 0.0020618557 | C10: =(B11-B10)*((A11+A10)/2) -> 0
A11: 0.037209302 | B11: 0.0020618557 | C11: =(B12-B11)*((A12+A11)/2) -> 0
A12: 0.041860465 | B12: 0.0020618557 | C12: =(B13-B12)*((A13+A12)/2) -> 8.6310237e-05
A13: 0.041860465 | B13: 0.0041237113 | C13: =(B14-B13)*((A14+A13)/2) -> 0
A14: 0.046511628 | B14: 0.0041237113 | C14: =(B15-B14)*((A15+A14)/2) -> 9.5900264e-05
... A702: 1 | B702: 1 | C702: =(B703-B702)*((A703+A702)/2) -> 0
A703: 1 | B703: 1

Sheet TRAIN_SUMMARY
F1: Model performance summary
A2: intercept | B2: β0 | C2: -0.82140081 | F2: LL SUM | G2: =SUM(TRAIN_DATA!AV2:AV701) -> 339.06561
A3: duration | B3: β1 | C3: -0.78858052
A4: credit_amount | B4: β2 | C4: -0.49907437 | F4: PD GOOD AVG | G4: =AVERAGEIF(TRAIN_DATA!U2:U701,0,TRAIN_DATA!AU2:AU701) -> 0.23054303
A5: age | B5: β3 | C5: -0.63688608 | F5: PD BAD AVG | G5: =AVERAGEIF(TRAIN_DATA!U2:U701,1,TRAIN_DATA!AU2:AU701) -> 0.47989244
A6: checking_status | B6: β4 | C6: -0.78383563 | F6: PD GOOD MEDIAN | G6: {=MEDIAN(_xlfn._xlws.FILTER(TRAIN_DATA!AU2:AU701,TRAIN_DATA!U2:U701=0))} -> 0.17748438
A7: credit_history | B7: β5 | C7: -0.54958083 | F7: PD BAD MEDIAN | G7: {=MEDIAN(_xlfn._xlws.FILTER(TRAIN_DATA!AU2:AU701,TRAIN_DATA!U2:U701=1))} -> 0.49038263
A8: purpose | B8: β6 | C8: -1.0351368
A9: savings_status | B9: β7 | C9: -0.7134355
A10: employment | B10: β8 | C10: -0.58342075 | F10: KS | G10: =MAX(TRAIN_DATA!BC2:BC701) -> 0.49316711
A11: personal_status | B11: β9 | C11: -1.1848073 | F11: AUC | G11: =SUM(TRAIN_AUC!C2:C702) -> 0.80415248
A12: property_magnitude | B12: β10 | C12: -0.54243498 | F12: GINI | G12: =(2*$G$11)-1 -> 0.60830496
A13: other_payments_plans | B13: β11 | C13: -0.61294899
A14: housing | B14: β12 | C14: -0.37812095

Sheet TRAIN_Histogram
A1: GOOD | B1: BAD | D1: Score bin | E1: GOOD | F1: BAD | G1: PD | H1: Decision
A2: 392 | B2: 369 | D2: 360-379 | E2: =COUNTIFS($A$2:$A$486,">=360",$A$2:$A$486,"<380") -> 0 | F2: =COUNTIFS($B$2:$B$216,">=360",$B$2:$B$216,"<380") -> 2 | G2: =IF(E2+F2=0,"",F2/(E2+F2)) -> 1 | H2: =IF(G2="","",IF(G2<0.1,"Accept",IF(AND(G2>=0.1,G2<=0.3),"Manual review","Reject"))) -> Reject
A3: 400 | B3: 379 | D3: 380-399 | E3: =COUNTIFS($A$2:$A$486,">=380",$A$2:$A$486,"<400") -> 1 | F3: =COUNTIFS($B$2:$B$216,">=380",$B$2:$B$216,"<400") -> 7 | G3: =IF(E3+F3=0,"",F3/(E3+F3)) -> 0.875 | H3: =IF(G3="","",IF(G3<0.1,"Accept",IF(AND(G3>=0.1,G3<=0.3),"Manual review","Reject"))) -> Reject
A4: 406 | B4: 384 | D4: 400-419 | E4: =COUNTIFS($A$2:$A$486,">=400",$A$2:$A$486,"<420") -> 8 | F4: =COUNTIFS($B$2:$B$216,">=400",$B$2:$B$216,"<420") -> 14 | G4: =IF(E4+F4=0,"",F4/(E4+F4)) -> 0.63636364 | H4: =IF(G4="","",IF(G4<0.1,"Accept",IF(AND(G4>=0.1,G4<=0.3),"Manual review","Reject"))) -> Reject
A5: 407 | B5: 388 | D5: 420-439 | E5: =COUNTIFS($A$2:$A$486,">=420",$A$2:$A$486,"<440") -> 12 | F5: =COUNTIFS($B$2:$B$216,">=420",$B$2:$B$216,"<440") -> 26 | G5: =IF(E5+F5=0,"",F5/(E5+F5)) -> 0.68421053 | H5: =IF(G5="","",IF(G5<0.1,"Accept",IF(AND(G5>=0.1,G5<=0.3),"Manual review","Reject"))) -> Reject
A6: 408 | B6: 389 | D6: 440-459 | E6: =COUNTIFS($A$2:$A$486,">=440",$A$2:$A$486,"<460") -> 13 | F6: =COUNTIFS($B$2:$B$216,">=440",$B$2:$B$216,"<460") -> 33 | G6: =IF(E6+F6=0,"",F6/(E6+F6)) -> 0.7173913 | H6: =IF(G6="","",IF(G6<0.1,"Accept",IF(AND(G6>=0.1,G6<=0.3),"Manual review","Reject"))) -> Reject
A7: 411 | B7: 394 | D7: 460-479 | E7: =COUNTIFS($A$2:$A$486,">=460",$A$2:$A$486,"<480") -> 37 | F7: =COUNTIFS($B$2:$B$216,">=460",$B$2:$B$216,"<480") -> 42 | G7: =IF(E7+F7=0,"",F7/(E7+F7)) -> 0.53164557 | H7: =IF(G7="","",IF(G7<0.1,"Accept",IF(AND(G7>=0.1,G7<=0.3),"Manual review","Reject"))) -> Reject
A8: 414 | B8: 394 | D8: 480-499 | E8: =COUNTIFS($A$2:$A$486,">=480",$A$2:$A$486,"<500") -> 46 | F8: =COUNTIFS($B$2:$B$216,">=480",$B$2:$B$216,"<500") -> 31 | G8: =IF(E8+F8=0,"",F8/(E8+F8)) -> 0.4025974 | H8: =IF(G8="","",IF(G8<0.1,"Accept",IF(AND(G8>=0.1,G8<=0.3),"Manual review","Reject"))) -> Reject
A9: 417 | B9: 394 | D9: 500-519 | E9: =COUNTIFS($A$2:$A$486,">=500",$A$2:$A$486,"<520") -> 61 | F9: =COUNTIFS($B$2:$B$216,">=500",$B$2:$B$216,"<520") -> 20 | G9: =IF(E9+F9=0,"",F9/(E9+F9)) -> 0.24691358 | H9: =IF(G9="","",IF(G9<0.1,"Accept",IF(AND(G9>=0.1,G9<=0.3),"Manual review","Reject"))) -> Manual review
A10: 418 | B10: 397 | D10: 520-539 | E10: =COUNTIFS($A$2:$A$486,">=520",$A$2:$A$486,"<540") -> 72 | F10: =COUNTIFS($B$2:$B$216,">=520",$B$2:$B$216,"<540") -> 12 | G10: =IF(E10+F10=0,"",F10/(E10+F10)) -> 0.14285714 | H10: =IF(G10="","",IF(G10<0.1,"Accept",IF(AND(G10>=0.1,G10<=0.3),"Manual review","Reject"))) -> Manual review
A11: 420 | B11: 405 | D11: 540-559 | E11: =COUNTIFS($A$2:$A$486,">=540",$A$2:$A$486,"<560") -> 63 | F11: =COUNTIFS($B$2:$B$216,">=540",$B$2:$B$216,"<560") -> 18 | G11: =IF(E11+F11=0,"",F11/(E11+F11)) -> 0.22222222 | H11: =IF(G11="","",IF(G11<0.1,"Accept",IF(AND(G11>=0.1,G11<=0.3),"Manual review","Reject"))) -> Manual review
A12: 425 | B12: 408 | D12: 560-579 | E12: =COUNTIFS($A$2:$A$486,">=560",$A$2:$A$486,"<580") -> 52 | F12: =COUNTIFS($B$2:$B$216,">=560",$B$2:$B$216,"<580") -> 6 | G12: =IF(E12+F12=0,"",F12/(E12+F12)) -> 0.10344828 | H12: =IF(G12="","",IF(G12<0.1,"Accept",IF(AND(G12>=0.1,G12<=0.3),"Manual review","Reject"))) -> Manual review
A13: 426 | B13: 410 | D13: 580-599 | E13: =COUNTIFS($A$2:$A$486,">=580",$A$2:$A$486,"<600") -> 57 | F13: =COUNTIFS($B$2:$B$216,">=580",$B$2:$B$216,"<600") -> 3 | G13: =IF(E13+F13=0,"",F13/(E13+F13)) -> 0.05 | H13: =IF(G13="","",IF(G13<0.1,"Accept",IF(AND(G13>=0.1,G13<=0.3),"Manual review","Reject"))) -> Accept
A14: 428 | B14: 410 | D14: 600-619 | E14: =COUNTIFS($A$2:$A$486,">=600",$A$2:$A$486,"<620") -> 38 | F14: =COUNTIFS($B$2:$B$216,">=600",$B$2:$B$216,"<620") -> 1 | G14: =IF(E14+F14=0,"",F14/(E14+F14)) -> 0.025641026 | H14: =IF(G14="","",IF(G14<0.1,"Accept",IF(AND(G14>=0.1,G14<=0.3),"Manual review","Reject"))) -> Accept
A15: 433 | B15: 410 | D15: 620-639 | E15: =COUNTIFS($A$2:$A$486,">=620",$A$2:$A$486,"<640") -> 17 | F15: =COUNTIFS($B$2:$B$216,">=620",$B$2:$B$216,"<640") -> 0 | G15: =IF(E15+F15=0,"",F15/(E15+F15)) -> 0 | H15: =IF(G15="","",IF(G15<0.1,"Accept",IF(AND(G15>=0.1,G15<=0.3),"Manual review","Reject"))) -> Accept
A16: 434 | B16: 411 | D16: 640-659 | E16: =COUNTIFS($A$2:$A$486,">=640",$A$2:$A$486,"<660") -> 6 | F16: =COUNTIFS($B$2:$B$216,">=640",$B$2:$B$216,"<660") -> 0 | G16: =IF(E16+F16=0,"",F16/(E16+F16)) -> 0 | H16: =IF(G16="","",IF(G16<0.1,"Accept",IF(AND(G16>=0.1,G16<=0.3),"Manual review","Reject"))) -> Accept
A17: 436 | B17: 412 | D17: 660-679 | E17: =COUNTIFS($A$2:$A$486,">=660",$A$2:$A$486,"<680") -> 2 | F17: =COUNTIFS($B$2:$B$216,">=660",$B$2:$B$216,"<680") -> 0 | G17: =IF(E17+F17=0,"",F17/(E17+F17)) -> 0 | H17: =IF(G17="","",IF(G17<0.1,"Accept",IF(AND(G17>=0.1,G17<=0.3),"Manual review","Reject"))) -> Accept
A18: 437 | B18: 412
A19: 437 | B19: 412
A20: 439 | B20: 416
A21: 439 | B21: 416
A22: 439 | B22: 419
A23: 440 | B23: 419
A24: 441 | B24: 419
A25: 441 | B25: 421
A26: 448 | B26: 422
A27: 449 | B27: 422
A28: 450 | B28: 423
A29: 451 | B29: 423
... A216: 530 | B216: 602
A217: 530
A218: 531
A219: 531
A220: 531
A221: 531
A222: 532
A223: 532
A224: 533
A225: 533
A226: 533
A227: 533
A228: 533
... A486: 661

Sheet TEST_DATA
A1: checking_status | B1: duration | C1: credit_history | D1: purpose | E1: credit_amount | F1: savings_status | G1: employment | H1: installment_commitment | I1: personal_status | J1: other_parties | K1: residence_since | L1: property_magnitude | M1: age | N1: other_payment_plans | O1: housing | P1: existing_credits | Q1: job | R1: num_dependents | S1: own_telephone | T1: foreign_worker | U1: class | V1: duration_WOE | W1: credit_amount_WOE | X1: age_WOE | Y1: checking_status_WOE | Z1: credit_history_WOE | AA1: purpose_WOE | AB1: savings_status_WOE | AC1: employment_WOE | AD1: personal_status_WOE | AE1: property_magnitude_WOE | AF1: other_payments_plans_WOE | AG1: housing_WOE | AH1: duration_beta | AI1: credit_amount_beta | AJ1: age_beta | AK1: checking_status_beta | AL1: credit_history_beta | AM1: purpose_beta | AN1: savings_status_beta | AO1: employment_beta | AP1: personal_status_beta | AQ1: property_magnitude_beta | AR1: other_payments_plans_beta | AS1: housing_beta | AT1: LOGIT_PRED | AU1: Probability_of_Default | AV1: Log_Loss | AW1: GOOD_FLAG | AX1: BAD_FLAG | AY1: CUM_GOOD | AZ1: CUM_BAD | BA1: CUM_GOOD % | BB1: CUM_BAD % | BC1: KS | BD1: True_Positive_Rate | BE1: False_Positive_Rate | BF1: duration_score | BG1: credit_amount_score | BH1: age_score | BI1: checking_status_score | BJ1: credit_history_score | BK1: purpose_score | BL1: savings_status_score | BM1: employment_score | BN1: personal_status_score | BO1: property_magnitude_score | BP1: other_payments_plans_score | BQ1: housing_score | BR1: SCORE | BS1: Decision | BT1: Decision_num
A2: <0 | B2: 45 | C2: no credits/all paid | D2: business | E2: 11816 | F2: <100 | G2: >=7 | H2: 2 | I2: male single | J2: none | K2: 4 | L2: car | M2: 29 | N2: none | O2: rent | P2: 2 | Q2: skilled | R2: 1 | S2: none | T2: yes | U2: 1 | V2: =_xlfn.XLOOKUP(B2,Binning_WOE_IV!$C$2:$C$6,Binning_WOE_IV!$I$2:$I$6,"not found",-1) -> -0.67243226 | W2: =_xlfn.XLOOKUP(E2,Binning_WOE_IV!$C$7:$C$12,Binning_WOE_IV!$I$7:$I$12,"not found",-1) -> -0.98786425 | X2: =_xlfn.XLOOKUP(M2,Binning_WOE_IV!$C$13:$C$18,Binning_WOE_IV!$I$13:$I$18,"not found",-1) -> -0.13233987 | Y2: =_xlfn.XLOOKUP(A2,Binning_WOE_IV!$B$32:$B$35,Binning_WOE_IV!$G$32:$G$35,"not found",0) -> -0.67859154 | Z2: =_xlfn.XLOOKUP(_xlfn.XLOOKUP(C2,Binning_WOE_IV!$AF$2:$AF$6,Binning_WOE_IV!$AG$2:$AG$6,"not found",0),Binning_WOE_IV!$R$36:$R$38,Binning_WOE_IV!$G$36:$G$38,"not found",0) -> -1.2442938 | AA2: {=_xlfn.SWITCH(D2,"radio/tv",Binning_WOE_IV!$G$39,"other",Binning_WOE_IV!$G$39,"education",Binning_WOE_IV!$G$40,"retraining",Binning_WOE_IV!$G$40,"furniture/equipment",Binning_WOE_IV!$G$41,"domestic appliance",Binning_WOE_IV!$G$41,"new car",Binning_WOE_IV!$G$42,"used car",Binning_WOE_IV!$G$43,"repairs",Binning_WOE_IV!$G$43,"business",Binning_WOE_IV!$G$44,"not found")} -> -0.47176157 | AB2: =_xlfn.LET(_xlpm.b,_xlfn.XLOOKUP(F2,Binning_WOE_IV!$AJ$2:$AJ$6,Binning_WOE_IV!$AK$2:$AK$6,"not found",0),IF(_xlpm.b="bin1",_xlfn.XLOOKUP(_xlpm.b,Binning_WOE_IV!$R$45:$R$48,Binning_WOE_IV!$G$45:$G$48,"not found",0),_xlfn.XLOOKUP(_xlpm.b,Binning_WOE_IV!$R$45:$R$48,Binning_WOE_IV!$G$45:$G$48,"not found",0))) -> -0.23980372 | AC2: =_xlfn.LET(_xlpm.b,_xlfn.XLOOKUP(G2,Binning_WOE_IV!$AL$2:$AL$6,Binning_WOE_IV!$AM$2:$AM$6,"not found",0),IF(_xlpm.b="bin1",_xlfn.XLOOKUP(_xlpm.b,Binning_WOE_IV!$R$49:$R$52,Binning_WOE_IV!$G$49:$G$52,"not found",0),_xlfn.XLOOKUP(_xlpm.b,Binning_WOE_IV!$R$49:$R$52,Binning_WOE_IV!$G$49:$G$52,"not found",0))) -> 0.3165647 | AD2: =_xlfn.XLOOKUP(_xlfn.XLOOKUP(I2,Binning_WOE_IV!$AN$2:$AN$5,Binning_WOE_IV!$AO$2:$AO$5,"not found",0),Binning_WOE_IV!$R$53:$R$55,Binning_WOE_IV!$G$53:$G$55,"not found",0) -> 0.18111171 | AE2: =_xlfn.LET(_xlpm.b,_xlfn.XLOOKUP(L2,Binning_WOE_IV!$AQ$2:$AQ$5,Binning_WOE_IV!$AR$2:$AR$5,"not found",0),IF(_xlpm.b="bin4",_xlfn.XLOOKUP(_xlpm.b,Binning_WOE_IV!$R$58:$R$61,Binning_WOE_IV!$G$58:$G$61,"not found",0),_xlfn.XLOOKUP(_xlpm.b,Binning_WOE_IV!$R$58:$R$61,Binning_WOE_IV!$G$58:$G$61,"not found",0))) -> -0.11389117 | AF2: =_xlfn.XLOOKUP(_xlfn.XLOOKUP(N2,Binning_WOE_IV!$AS$2:$AS$4,Binning_WOE_IV!$AT$2:$AT$4,"not found",0),Binning_WOE_IV!$R$62:$R$63,Binning_WOE_IV!$G$62:$G$63,"not found",0) -> 0.12957806 | AG2: =_xlfn.XLOOKUP(_xlfn.XLOOKUP(O2,Binning_WOE_IV!$AU$2:$AU$4,Binning_WOE_IV!$AV$2:$AV$4,"not found",0),Binning_WOE_IV!$R$64:$R$65,Binning_WOE_IV!$G$64:$G$65,"not found",0) -> -0.49192724 | AH2: =V2*TEST_SUMMARY!$C$3 -> 0.53026699 | AI2: =W2*TEST_SUMMARY!$C$4 -> 0.49301773 | AJ2: =X2*TEST_SUMMARY!$C$5 -> 0.084285423 | AK2: =Y2*TEST_SUMMARY!$C$6 -> 0.53190423 | AL2: =Z2*TEST_SUMMARY!$C$7 -> 0.68384 | AM2: =AA2*TEST_SUMMARY!$C$8 -> 0.48833778 | AN2: =AB2*TEST_SUMMARY!$C$9 -> 0.17108449 | AO2: =AC2*TEST_SUMMARY!$C$10 -> -0.18469041 | AP2: =AD2*TEST_SUMMARY!$C$11 -> -0.21458248 | AQ2: =AE2*TEST_SUMMARY!$C$12 -> 0.061778554 | AR2: =AF2*TEST_SUMMARY!$C$13 -> -0.079424742 | AS2: =AG2*TEST_SUMMARY!$C$14 -> 0.186008 | AT2: =TEST_SUMMARY!$C$2+SUM(AH2:AS2) -> 1.9304247 | AU2: =1/(1+EXP(-AT2)) -> 0.87329643 | AV2: =-((U2*LN(AU2))+(1-U2)*LN(1-AU2)) -> 0.13548023 | AW2: =IF(U2=0,1,0) -> 0 | AX2: =IF(U2=1,1,0) -> 1 | AY2: =AW2 -> 0 | AZ2: =AX2 -> 1 | BA2: =AY2/SUM($AW$2:$AW$301) -> 0 | BB2: =AZ2/SUM($AX$2:$AX$301) -> 0.011764706 | BC2: =ABS(BA2-BB2) -> 0.011764706 | BD2: =BB2 -> 0.011764706 | BE2: =BA2 -> 0 | BF2: =VLOOKUP(AH2,POINTS_TABLE!$D$2:$E$6,2,FALSE) -> 22.950407 | BG2: =VLOOKUP(AI2,POINTS_TABLE!$D$7:$E$12,2,FALSE) -> 21.338227 | BH2: =VLOOKUP(AJ2,POINTS_TABLE!$D$13:$E$18,2,FALSE) -> 3.6479449 | BI2: =VLOOKUP(AK2,POINTS_TABLE!$D$21:$E$24,2,FALSE) -> 23.021268 | BJ2: =VLOOKUP(AL2,POINTS_TABLE!$D$25:$E$27,2,FALSE) -> 29.597177 | BK2: =VLOOKUP(AM2,POINTS_TABLE!$D$28:$E$33,2,FALSE) -> 21.135675 | BL2: =VLOOKUP(AN2,POINTS_TABLE!$D$34:$E$37,2,FALSE) -> 7.4046822 | BM2: =VLOOKUP(AO2,POINTS_TABLE!$D$38:$E$41,2,FALSE) -> -7.9935582 | BN2: =VLOOKUP(AP2,POINTS_TABLE!$D$42:$E$44,2,FALSE) -> -9.2873124 | BO2: =VLOOKUP(AQ2,POINTS_TABLE!$D$45:$E$48,2,FALSE) -> 2.6738284 | BP2: =VLOOKUP(AR2,POINTS_TABLE!$D$49:$E$50,2,FALSE) -> -3.4375704 | BQ2: =VLOOKUP(AS2,POINTS_TABLE!$D$51:$E$52,2,FALSE) -> 8.0505844 | BR2: =ROUND(SCORECARD_SCALLING!$C$6-SUM(BF2:BQ2)-TRAIN_SUMMARY!$C$2*SCORECARD_SCALLING!$C$5,0) -> 387 | BS2: =IF(BR2>=580,"Accept",IF(AND(BR2>=500,BR2<580),"Manual review","Reject")) -> Reject | BT2: =IF(BS2="Reject",1,IF(BS2="Manual review",2,3)) -> 1
A3: 0<=X<200 | B3: 60 | C3: all paid | D3: other | E3: 14782 | F3: 100<=X<500 | G3: >=7 | H3: 3 | I3: female div/dep/mar | J3: none | K3: 4 | L3: no known property | M3: 60 | N3: bank | O3: for free | P3: 2 | Q3: high qualif/self emp/mgmt | R3: 1 | S3: yes | T3: yes | U3: 1 | V3: =_xlfn.XLOOKUP(B3,Binning_WOE_IV!$C$2:$C$6,Binning_WOE_IV!$I$2:$I$6,"not found",-1) -> -0.94704226 | W3: =_xlfn.XLOOKUP(E3,Binning_WOE_IV!$C$7:$C$12,Binning_WOE_IV!$I$7:$I$12,"not found",-1) -> -0.98786425 | X3: =_xlfn.XLOOKUP(M3,Binning_WOE_IV!$C$13:$C$18,Binning_WOE_IV!$I$13:$I$18,"not found",-1) -> 0.47434343 | Y3: =_xlfn.XLOOKUP(A3,Binning_WOE_IV!$B$32:$B$35,Binning_WOE_IV!$G$32:$G$35,"not found",0) -> -0.4555709 | Z3: =_xlfn.XLOOKUP(_xlfn.XLOOKUP(C3,Binning_WOE_IV!$AF$2:$AF$6,Binning_WOE_IV!$AG$2:$AG$6,"not found",0),Binning_WOE_IV!$R$36:$R$38,Binning_WOE_IV!$G$36:$G$38,"not found",0) -> -1.2442938 | AA3: {=_xlfn.SWITCH(D3,"radio/tv",Binning_WOE_IV!$G$39,"other",Binning_WOE_IV!$G$39,"education",Binning_WOE_IV!$G$40,"retraining",Binning_WOE_IV!$G$40,"furniture/equipment",Binning_WOE_IV!$G$41,"domestic appliance",Binning_WOE_IV!$G$41,"new car",Binning_WOE_IV!$G$42,"used car",Binning_WOE_IV!$G$43,"repairs",Binning_WOE_IV!$G$43,"business",Binning_WOE_IV!$G$44,"not found")} -> 0.42044277 | AB3: =_xlfn.LET(_xlpm.b,_xlfn.XLOOKUP(F3,Binning_WOE_IV!$AJ$2:$AJ$6,Binning_WOE_IV!$AK$2:$AK$6,"not found",0),IF(_xlpm.b="bin1",_xlfn.XLOOKUP(_xlpm.b,Binning_WOE_IV!$R$45:$R$48,Binning_WOE_IV!$G$45:$G$48,"not found",0),_xlfn.XLOOKUP(_xlpm.b,Binning_WOE_IV!$R$45:$R$48,Binning_WOE_IV!$G$45:$G$48,"not found",0))) -> -0.26494491 | AC3: =_xlfn.LET(_xlpm.b,_xlfn.XLOOKUP(G3,Binning_WOE_IV!$AL$2:$AL$6,Binning_WOE_IV!$AM$2:$AM$6,"not found",0),IF(_xlpm.b="bin1",_xlfn.XLOOKUP(_xlpm.b,Binning_WOE_IV!$R$49:$R$52,Binning_WOE_IV!$G$49:$G$52,"not found",0),_xlfn.XLOOKUP(_xlpm.b,Binning_WOE_IV!$R$49:$R$52,Binning_WOE_IV!$G$49:$G$52,"not found",0))) -> 0.3165647 | AD3: =_xlfn.XLOOKUP(_xlfn.XLOOKUP(I3,Binning_WOE_IV!$AN$2:$AN$5,Binning_WOE_IV!$AO$2:$AO$5,"not found",0),Binning_WOE_IV!$R$53:$R$55,Binning_WOE_IV!$G$53:$G$55,"not found",0) -> -0.20099342 | AE3: =_xlfn.LET(_xlpm.b,_xlfn.XLOOKUP(L3,Binning_WOE_IV!$AQ$2:$AQ$5,Binning_WOE_IV!$AR$2:$AR$5,"not found",0),IF(_xlpm.b="bin4",_xlfn.XLOOKUP(_xlpm.b,Binning_WOE_IV!$R$58:$R$61,Binning_WOE_IV!$G$58:$G$61,"not found",0),_xlfn.XLOOKUP(_xlpm.b,Binning_WOE_IV!$R$58:$R$61,Binning_WOE_IV!$G$58:$G$61,"not found",0))) -> -0.56219643 | AF3: =_xlfn.XLOOKUP(_xlfn.XLOOKUP(N3,Binning_WOE_IV!$AS$2:$AS$4,Binning_WOE_IV!$AT$2:$AT$4,"not found",0),Binning_WOE_IV!$R$62:$R$63,Binning_WOE_IV!$G$62:$G$63,"not found",0) -> -0.54969627 | AG3: =_xlfn.XLOOKUP(_xlfn.XLOOKUP(O3,Binning_WOE_IV!$AU$2:$AU$4,Binning_WOE_IV!$AV$2:$AV$4,"not found",0),Binning_WOE_IV!$R$64:$R$65,Binning_WOE_IV!$G$64:$G$65,"not found",0) -> -0.49192724 | AH3: =V3*TEST_SUMMARY!$C$3 -> 0.74681908 | AI3: =W3*TEST_SUMMARY!$C$4 -> 0.49301773 | AJ3: =X3*TEST_SUMMARY!$C$5 -> -0.30210273 | AK3: =Y3*TEST_SUMMARY!$C$6 -> 0.3570927 | AL3: =Z3*TEST_SUMMARY!$C$7 -> 0.68384 | AM3: =AA3*TEST_SUMMARY!$C$8 -> -0.43521581 | AN3: =AB3*TEST_SUMMARY!$C$9 -> 0.1890211 | AO3: =AC3*TEST_SUMMARY!$C$10 -> -0.18469041 | AP3: =AD3*TEST_SUMMARY!$C$11 -> 0.23813847 | AQ3: =AE3*TEST_SUMMARY!$C$12 -> 0.30495501 | AR3: =AF3*TEST_SUMMARY!$C$13 -> 0.33693577 | AS3: =AG3*TEST_SUMMARY!$C$14 -> 0.186008 | AT3: =TEST_SUMMARY!$C$2+SUM(AH3:AS3) -> 1.7924181 | AU3: =1/(1+EXP(-AT3)) -> 0.85722349 | AV3: =-((U3*LN(AU3))+(1-U3)*LN(1-AU3)) -> 0.15405662 | AW3: =IF(U3=0,1,0) -> 0 | AX3: =IF(U3=1,1,0) -> 1 | AY3: =AW3+AY2 -> 0 | AZ3: =AX3+AZ2 -> 2 | BA3: =AY3/SUM($AW$2:$AW$301) -> 0 | BB3: =AZ3/SUM($AX$2:$AX$301) -> 0.023529412 | BC3: =ABS(BA3-BB3) -> 0.023529412 | BD3: =BB3 -> 0.023529412 | BE3: =BA3 -> 0 | BF3: =VLOOKUP(AH3,POINTS_TABLE!$D$2:$E$6,2,FALSE) -> 32.322965 | BG3: =VLOOKUP(AI3,POINTS_TABLE!$D$7:$E$12,2,FALSE) -> 21.338227 | BH3: =VLOOKUP(AJ3,POINTS_TABLE!$D$13:$E$18,2,FALSE) -> -13.075263 | BI3: =VLOOKUP(AK3,POINTS_TABLE!$D$21:$E$24,2,FALSE) -> 15.455276 | BJ3: =VLOOKUP(AL3,POINTS_TABLE!$D$25:$E$27,2,FALSE) -> 29.597177 | BK3: =VLOOKUP(AM3,POINTS_TABLE!$D$28:$E$33,2,FALSE) -> -18.836511 | BL3: =VLOOKUP(AN3,POINTS_TABLE!$D$34:$E$37,2,FALSE) -> 8.1809943 | BM3: =VLOOKUP(AO3,POINTS_TABLE!$D$38:$E$41,2,FALSE) -> -7.9935582 | BN3: =VLOOKUP(AP3,POINTS_TABLE!$D$42:$E$44,2,FALSE) -> 10.306836 | BO3: =VLOOKUP(AQ3,POINTS_TABLE!$D$45:$E$48,2,FALSE) -> 13.198713 | BP3: =VLOOKUP(AR3,POINTS_TABLE!$D$49:$E$50,2,FALSE) -> 14.582867 | BQ3: =VLOOKUP(AS3,POINTS_TABLE!$D$51:$E$52,2,FALSE) -> 8.0505844 | BR3: =ROUND(SCORECARD_SCALLING!$C$6-SUM(BF3:BQ3)-TRAIN_SUMMARY!$C$2*SCORECARD_SCALLING!$C$5,0) -> 393 | BS3: =IF(BR3>=580,"Accept",IF(AND(BR3>=500,BR3<580),"Manual review","Reject")) -> Reject | BT3: =IF(BS3="Reject",1,IF(BS3="Manual review",2,3)) -> 1
A4: 0<=X<200 | B4: 24 | C4: all paid | D4: education | E4: 1837 | F4: <100 | G4: 4<=X<7 | H4: 4 | I4: female div/dep/mar | J4: none | K4: 4 | L4: no known property | M4: 34 | N4: bank | O4: for free | P4: 1 | Q4: unskilled resident | R4: 1 | S4: none | T4: yes | U4: 1 | V4: =_xlfn.XLOOKUP(B4,Binning_WOE_IV!$C$2:$C$6,Binning_WOE_IV!$I$2:$I$6,"not found",-1) -> -0.12917431 | W4: =_xlfn.XLOOKUP(E4,Binning_WOE_IV!$C$7:$C$12,Binning_WOE_IV!$I$7:$I$12,"not found",-1) -> 0.16104878 | X4: =_xlfn.XLOOKUP(M4,Binning_WOE_IV!$C$13:$C$18,Binning_WOE_IV!$I$13:$I$18,"not found",-1) -> -0.090210644 | Y4: =_xlfn.XLOOKUP(A4,Binning_WOE_IV!$B$32:$B$35,Binning_WOE_IV!$G$32:$G$35,"not found",0) -> -0.4555709 | Z4: =_xlfn.XLOOKUP(_xlfn.XLOOKUP(C4,Binning_WOE_IV!$AF$2:$AF$6,Binning_WOE_IV!$AG$2:$AG$6,"not found",0),Binning_WOE_IV!$R$36:$R$38,Binning_WOE_IV!$G$36:$G$38,"not found",0) -> -1.2442938 | AA4: {=_xlfn.SWITCH(D4,"radio/tv",Binning_WOE_IV!$G$39,"other",Binning_WOE_IV!$G$39,"education",Binning_WOE_IV!$G$40,"retraining",Binning_WOE_IV!$G$40,"furniture/equipment",Binning_WOE_IV!$G$41,"domestic appliance",Binning_WOE_IV!$G$41,"new car",Binning_WOE_IV!$G$42,"used car",Binning_WOE_IV!$G$43,"repairs",Binning_WOE_IV!$G$43,"business",Binning_WOE_IV!$G$44,"not found")} -> -0.30268524 | AB4: =_xlfn.LET(_xlpm.b,_xlfn.XLOOKUP(F4,Binning_WOE_IV!$AJ$2:$AJ$6,Binning_WOE_IV!$AK$2:$AK$6,"not found",0),IF(_xlpm.b="bin1",_xlfn.XLOOKUP(_xlpm.b,Binning_WOE_IV!$R$45:$R$48,Binning_WOE_IV!$G$45:$G$48,"not found",0),_xlfn.XLOOKUP(_xlpm.b,Binning_WOE_IV!$R$45:$R$48,Binning_WOE_IV!$G$45:$G$48,"not found",0))) -> -0.23980372 | AC4: =_xlfn.LET(_xlpm.b,_xlfn.XLOOKUP(G4,Binning_WOE_IV!$AL$2:$AL$6,Binning_WOE_IV!$AM$2:$AM$6,"not found",0),IF(_xlpm.b="bin1",_xlfn.XLOOKUP(_xlpm.b,Binning_WOE_IV!$R$49:$R$52,Binning_WOE_IV!$G$49:$G$52,"not found",0),_xlfn.XLOOKUP(_xlpm.b,Binning_WOE_IV!$R$49:$R$52,Binning_WOE_IV!$G$49:$G$52,"not found",0))) -> 0.3165647 | AD4: =_xlfn.XLOOKUP(_xlfn.XLOOKUP(I4,Binning_WOE_IV!$AN$2:$AN$5,Binning_WOE_IV!$AO$2:$AO$5,"not found",0),Binning_WOE_IV!$R$53:$R$55,Binning_WOE_IV!$G$53:$G$55,"not found",0) -> -0.20099342 | AE4: =_xlfn.LET(_xlpm.b,_xlfn.XLOOKUP(L4,Binning_WOE_IV!$AQ$2:$AQ$5,Binning_WOE_IV!$AR$2:$AR$5,"not found",0),IF(_xlpm.b="bin4",_xlfn.XLOOKUP(_xlpm.b,Binning_WOE_IV!$R$58:$R$61,Binning_WOE_IV!$G$58:$G$61,"not found",0),_xlfn.XLOOKUP(_xlpm.b,Binning_WOE_IV!$R$58:$R$61,Binning_WOE_IV!$G$58:$G$61,"not found",0))) -> -0.56219643 | AF4: =_xlfn.XLOOKUP(_xlfn.XLOOKUP(N4,Binning_WOE_IV!$AS$2:$AS$4,Binning_WOE_IV!$AT$2:$AT$4,"not found",0),Binning_WOE_IV!$R$62:$R$63,Binning_WOE_IV!$G$62:$G$63,"not found",0) -> -0.54969627 | AG4: =_xlfn.XLOOKUP(_xlfn.XLOOKUP(O4,Binning_WOE_IV!$AU$2:$AU$4,Binning_WOE_IV!$AV$2:$AV$4,"not found",0),Binning_WOE_IV!$R$64:$R$65,Binning_WOE_IV!$G$64:$G$65,"not found",0) -> -0.49192724 | AH4: =V4*TEST_SUMMARY!$C$3 -> 0.10186435 | AI4: =W4*TEST_SUMMARY!$C$4 -> -0.080375317 | AJ4: =X4*TEST_SUMMARY!$C$5 -> 0.057453904 | AK4: =Y4*TEST_SUMMARY!$C$6 -> 0.3570927 | AL4: =Z4*TEST_SUMMARY!$C$7 -> 0.68384 | AM4: =AA4*TEST_SUMMARY!$C$8 -> 0.31332064 | AN4: =AB4*TEST_SUMMARY!$C$9 -> 0.17108449 | AO4: =AC4*TEST_SUMMARY!$C$10 -> -0.18469041 | AP4: =AD4*TEST_SUMMARY!$C$11 -> 0.23813847 | AQ4: =AE4*TEST_SUMMARY!$C$12 -> 0.30495501 | AR4: =AF4*TEST_SUMMARY!$C$13 -> 0.33693577 | AS4: =AG4*TEST_SUMMARY!$C$14 -> 0.186008 | AT4: =TEST_SUMMARY!$C$2+SUM(AH4:AS4) -> 1.6642268 | AU4: =1/(1+EXP(-AT4)) -> 0.84080458 | AV4: =-((U4*LN(AU4))+(1-U4)*LN(1-AU4)) -> 0.17339601 | AW4: =IF(U4=0,1,0) -> 0 | AX4: =IF(U4=1,1,0) -> 1 | AY4: =AW4+AY3 -> 0 | AZ4: =AX4+AZ3 -> 3 | BA4: =AY4/SUM($AW$2:$AW$301) -> 0 | BB4: =AZ4/SUM($AX$2:$AX$301) -> 0.035294118 | BC4: =ABS(BA4-BB4) -> 0.035294118 | BD4: =BB4 -> 0.035294118 | BE4: =BA4 -> 0 | BF4: =VLOOKUP(AH4,POINTS_TABLE!$D$2:$E$6,2,FALSE) -> 4.4087756 | BG4: =VLOOKUP(AI4,POINTS_TABLE!$D$7:$E$12,2,FALSE) -> -3.4787121 | BH4: =VLOOKUP(AJ4,POINTS_TABLE!$D$13:$E$18,2,FALSE) -> 2.4866539 | BI4: =VLOOKUP(AK4,POINTS_TABLE!$D$21:$E$24,2,FALSE) -> 15.455276 | BJ4: =VLOOKUP(AL4,POINTS_TABLE!$D$25:$E$27,2,FALSE) -> 29.597177 | BK4: =VLOOKUP(AM4,POINTS_TABLE!$D$28:$E$33,2,FALSE) -> 13.560784 | BL4: =VLOOKUP(AN4,POINTS_TABLE!$D$34:$E$37,2,FALSE) -> 7.4046822 | BM4: =VLOOKUP(AO4,POINTS_TABLE!$D$38:$E$41,2,FALSE) -> -7.9935582 | BN4: =VLOOKUP(AP4,POINTS_TABLE!$D$42:$E$44,2,FALSE) -> 10.306836 | BO4: =VLOOKUP(AQ4,POINTS_TABLE!$D$45:$E$48,2,FALSE) -> 13.198713 | BP4: =VLOOKUP(AR4,POINTS_TABLE!$D$49:$E$50,2,FALSE) -> 14.582867 | BQ4: =VLOOKUP(AS4,POINTS_TABLE!$D$51:$E$52,2,FALSE) -> 8.0505844 | BR4: =ROUND(SCORECARD_SCALLING!$C$6-SUM(BF4:BQ4)-TRAIN_SUMMARY!$C$2*SCORECARD_SCALLING!$C$5,0) -> 398 | BS4: =IF(BR4>=580,"Accept",IF(AND(BR4>=500,BR4<580),"Manual review","Reject")) -> Reject | BT4: =IF(BS4="Reject",1,IF(BS4="Manual review",2,3)) -> 1
A5: 0<=X<200 | B5: 48 | C5: existing paid | D5: furniture/equipment | E5: 9960 | F5: <100 | G5: <1 | H5: 1 | I5: female div/dep/mar | J5: none | K5: 2 | L5: car | M5: 26 | N5: none | O5: own | P5: 1 | Q5: skilled | R5: 1 | S5: yes | T5: yes | U5: 1 | V5: =_xlfn.XLOOKUP(B5,Binning_WOE_IV!$C$2:$C$6,Binning_WOE_IV!$I$2:$I$6,"not found",-1) -> -0.94704226 | W5: =_xlfn.XLOOKUP(E5,Binning_WOE_IV!$C$7:$C$12,Binning_WOE_IV!$I$7:$I$12,"not found",-1) -> -0.98786425 | X5: =_xlfn.XLOOKUP(M5,Binning_WOE_IV!$C$13:$C$18,Binning_WOE_IV!$I$13:$I$18,"not found",-1) -> -0.13233987 | Y5: =_xlfn.XLOOKUP(A5,Binning_WOE_IV!$B$32:$B$35,Binning_WOE_IV!$G$32:$G$35,"not found",0) -> -0.4555709 | Z5: =_xlfn.XLOOKUP(_xlfn.XLOOKUP(C5,Binning_WOE_IV!$AF$2:$AF$6,Binning_WOE_IV!$AG$2:$AG$6,"not found",0),Binning_WOE_IV!$R$36:$R$38,Binning_WOE_IV!$G$36:$G$38,"not found",0) -> -0.044726268 | AA5: {=_xlfn.SWITCH(D5,"radio/tv",Binning_WOE_IV!$G$39,"other",Binning_WOE_IV!$G$39,"education",Binning_WOE_IV!$G$40,"retraining",Binning_WOE_IV!$G$40,"furniture/equipment",Binning_WOE_IV!$G$41,"domestic appliance",Binning_WOE_IV!$G$41,"new car",Binning_WOE_IV!$G$42,"used car",Binning_WOE_IV!$G$43,"repairs",Binning_WOE_IV!$G$43,"business",Binning_WOE_IV!$G$44,"not found")} -> -0.057184781 | AB5: =_xlfn.LET(_xlpm.b,_xlfn.XLOOKUP(F5,Binning_WOE_IV!$AJ$2:$AJ$6,Binning_WOE_IV!$AK$2:$AK$6,"not found",0),IF(_xlpm.b="bin1",_xlfn.XLOOKUP(_xlpm.b,Binning_WOE_IV!$R$45:$R$48,Binning_WOE_IV!$G$45:$G$48,"not found",0),_xlfn.XLOOKUP(_xlpm.b,Binning_WOE_IV!$R$45:$R$48,Binning_WOE_IV!$G$45:$G$48,"not found",0))) -> -0.23980372 | AC5: =_xlfn.LET(_xlpm.b,_xlfn.XLOOKUP(G5,Binning_WOE_IV!$AL$2:$AL$6,Binning_WOE_IV!$AM$2:$AM$6,"not found",0),IF(_xlpm.b="bin1",_xlfn.XLOOKUP(_xlpm.b,Binning_WOE_IV!$R$49:$R$52,Binning_WOE_IV!$G$49:$G$52,"not found",0),_xlfn.XLOOKUP(_xlpm.b,Binning_WOE_IV!$R$49:$R$52,Binning_WOE_IV!$G$49:$G$52,"not found",0))) -> -0.49142736 | AD5: =_xlfn.XLOOKUP(_xlfn.XLOOKUP(I5,Binning_WOE_IV!$AN$2:$AN$5,Binning_WOE_IV!$AO$2:$AO$5,"not found",0),Binning_WOE_IV!$R$53:$R$55,Binning_WOE_IV!$G$53:$G$55,"not found",0) -> -0.20099342 | AE5: =_xlfn.LET(_xlpm.b,_xlfn.XLOOKUP(L5,Binning_WOE_IV!$AQ$2:$AQ$5,Binning_WOE_IV!$AR$2:$AR$5,"not found",0),IF(_xlpm.b="bin4",_xlfn.XLOOKUP(_xlpm.b,Binning_WOE_IV!$R$58:$R$61,Binning_WOE_IV!$G$58:$G$61,"not found",0),_xlfn.XLOOKUP(_xlpm.b,Binning_WOE_IV!$R$58:$R$61,Binning_WOE_IV!$G$58:$G$61,"not found",0))) -> -0.11389117 | AF5: =_xlfn.XLOOKUP(_xlfn.XLOOKUP(N5,Binning_WOE_IV!$AS$2:$AS$4,Binning_WOE_IV!$AT$2:$AT$4,"not found",0),Binning_WOE_IV!$R$62:$R$63,Binning_WOE_IV!$G$62:$G$63,"not found",0) -> 0.12957806 | AG5: =_xlfn.XLOOKUP(_xlfn.XLOOKUP(O5,Binning_WOE_IV!$AU$2:$AU$4,Binning_WOE_IV!$AV$2:$AV$4,"not found",0),Binning_WOE_IV!$R$64:$R$65,Binning_WOE_IV!$G$64:$G$65,"not found",0) -> 0.23435623 | AH5: =V5*TEST_SUMMARY!$C$3 -> 0.74681908 | AI5: =W5*TEST_SUMMARY!$C$4 -> 0.49301773 | AJ5: =X5*TEST_SUMMARY!$C$5 -> 0.084285423 | AK5: =Y5*TEST_SUMMARY!$C$6 -> 0.3570927 | AL5: =Z5*TEST_SUMMARY!$C$7 -> 0.024580699 | AM5: =AA5*TEST_SUMMARY!$C$8 -> 0.059194074 | AN5: =AB5*TEST_SUMMARY!$C$9 -> 0.17108449 | AO5: =AC5*TEST_SUMMARY!$C$10 -> 0.28670892 | AP5: =AD5*TEST_SUMMARY!$C$11 -> 0.23813847 | AQ5: =AE5*TEST_SUMMARY!$C$12 -> 0.061778554 | AR5: =AF5*TEST_SUMMARY!$C$13 -> -0.079424742 | AS5: =AG5*TEST_SUMMARY!$C$14 -> -0.088615 | AT5: =TEST_SUMMARY!$C$2+SUM(AH5:AS5) -> 1.5332596 | AU5: =1/(1+EXP(-AT5)) -> 0.82248273 | AV5: =-((U5*LN(AU5))+(1-U5)*LN(1-AU5)) -> 0.19542779 | AW5: =IF(U5=0,1,0) -> 0 | AX5: =IF(U5=1,1,0) -> 1 | AY5: =AW5+AY4 -> 0 | AZ5: =AX5+AZ4 -> 4 | BA5: =AY5/SUM($AW$2:$AW$301) -> 0 | BB5: =AZ5/SUM($AX$2:$AX$301) -> 0.047058824 | BC5: =ABS(BA5-BB5) -> 0.047058824 | BD5: =BB5 -> 0.047058824 | BE5: =BA5 -> 0 | BF5: =VLOOKUP(AH5,POINTS_TABLE!$D$2:$E$6,2,FALSE) -> 32.322965 | BG5: =VLOOKUP(AI5,POINTS_TABLE!$D$7:$E$12,2,FALSE) -> 21.338227 | BH5: =VLOOKUP(AJ5,POINTS_TABLE!$D$13:$E$18,2,FALSE) -> 3.6479449 | BI5: =VLOOKUP(AK5,POINTS_TABLE!$D$21:$E$24,2,FALSE) -> 15.455276 | BJ5: =VLOOKUP(AL5,POINTS_TABLE!$D$25:$E$27,2,FALSE) -> 1.0638736 | BK5: =VLOOKUP(AM5,POINTS_TABLE!$D$28:$E$33,2,FALSE) -> 2.5619699 | BL5: =VLOOKUP(AN5,POINTS_TABLE!$D$34:$E$37,2,FALSE) -> 7.4046822 | BM5: =VLOOKUP(AO5,POINTS_TABLE!$D$38:$E$41,2,FALSE) -> 12.409006 | BN5: =VLOOKUP(AP5,POINTS_TABLE!$D$42:$E$44,2,FALSE) -> 10.306836 | BO5: =VLOOKUP(AQ5,POINTS_TABLE!$D$45:$E$48,2,FALSE) -> 2.6738284 | BP5: =VLOOKUP(AR5,POINTS_TABLE!$D$49:$E$50,2,FALSE) -> -3.4375704 | BQ5: =VLOOKUP(AS5,POINTS_TABLE!$D$51:$E$52,2,FALSE) -> -3.8353326 | BR5: =ROUND(SCORECARD_SCALLING!$C$6-SUM(BF5:BQ5)-TRAIN_SUMMARY!$C$2*SCORECARD_SCALLING!$C$5,0) -> 404 | BS5: =IF(BR5>=580,"Accept",IF(AND(BR5>=500,BR5<580),"Manual review","Reject")) -> Reject | BT5: =IF(BS5="Reject",1,IF(BS5="Manual review",2,3)) -> 1
A6: 0<=X<200 | B6: 60 | C6: existing paid | D6: new car | E6: 7408 | F6: 100<=X<500 | G6: <1 | H6: 4 | I6: female div/dep/mar | J6: none | K6: 2 | L6: life insurance | M6: 24 | N6: none | O6: own | P6: 1 | Q6: high qualif/self emp/mgmt | R6: 1 | S6: none | T6: yes | U6: 1 | V6: =_xlfn.XLOOKUP(B6,Binning_WOE_IV!$C$2:$C$6,Binning_WOE_IV!$I$2:$I$6,"not found",-1) -> -0.94704226 | W6: =_xlfn.XLOOKUP(E6,Binning_WOE_IV!$C$7:$C$12,Binning_WOE_IV!$I$7:$I$12,"not found",-1) -> -0.10201454 | X6: =_xlfn.XLOOKUP(M6,Binning_WOE_IV!$C$13:$C$18,Binning_WOE_IV!$I$13:$I$18,"not found",-1) -> -0.40221483 | Y6: =_xlfn.XLOOKUP(A6,Binning_WOE_IV!$B$32:$B$35,Binning_WOE_IV!$G$32:$G$35,"not found",0) -> -0.4555709 | Z6: =_xlfn.XLOOKUP(_xlfn.XLOOKUP(C6,Binning_WOE_IV!$AF$2:$AF$6,Binning_WOE_IV!$AG$2:$AG$6,"not found",0),Binning_WOE_IV!$R$36:$R$38,Binning_WOE_IV!$G$36:$G$38,"not found",0) -> -0.044726268 | AA6: {=_xlfn.SWITCH(D6,"radio/tv",Binning_WOE_IV!$G$39,"other",Binning_WOE_IV!$G$39,"education",Binning_WOE_IV!$G$40,"retraining",Binning_WOE_IV!$G$40,"furniture/equipment",Binning_WOE_IV!$G$41,"domestic appliance",Binning_WOE_IV!$G$41,"new car",Binning_WOE_IV!$G$42,"used car",Binning_WOE_IV!$G$43,"repairs",Binning_WOE_IV!$G$43,"business",Binning_WOE_IV!$G$44,"not found")} -> -0.37050784 | AB6: =_xlfn.LET(_xlpm.b,_xlfn.XLOOKUP(F6,Binning_WOE_IV!$AJ$2:$AJ$6,Binning_WOE_IV!$AK$2:$AK$6,"not found",0),IF(_xlpm.b="bin1",_xlfn.XLOOKUP(_xlpm.b,Binning_WOE_IV!$R$45:$R$48,Binning_WOE_IV!$G$45:$G$48,"not found",0),_xlfn.XLOOKUP(_xlpm.b,Binning_WOE_IV!$R$45:$R$48,Binning_WOE_IV!$G$45:$G$48,"not found",0))) -> -0.26494491 | AC6: =_xlfn.LET(_xlpm.b,_xlfn.XLOOKUP(G6,Binning_WOE_IV!$AL$2:$AL$6,Binning_WOE_IV!$AM$2:$AM$6,"not found",0),IF(_xlpm.b="bin1",_xlfn.XLOOKUP(_xlpm.b,Binning_WOE_IV!$R$49:$R$52,Binning_WOE_IV!$G$49:$G$52,"not found",0),_xlfn.XLOOKUP(_xlpm.b,Binning_WOE_IV!$R$49:$R$52,Binning_WOE_IV!$G$49:$G$52,"not found",0))) -> -0.49142736 | AD6: =_xlfn.XLOOKUP(_xlfn.XLOOKUP(I6,Binning_WOE_IV!$AN$2:$AN$5,Binning_WOE_IV!$AO$2:$AO$5,"not found",0),Binning_WOE_IV!$R$53:$R$55,Binning_WOE_IV!$G$53:$G$55,"not found",0) -> -0.20099342 | AE6: =_xlfn.LET(_xlpm.b,_xlfn.XLOOKUP(L6,Binning_WOE_IV!$AQ$2:$AQ$5,Binning_WOE_IV!$AR$2:$AR$5,"not found",0),IF(_xlpm.b="bin4",_xlfn.XLOOKUP(_xlpm.b,Binning_WOE_IV!$R$58:$R$61,Binning_WOE_IV!$G$58:$G$61,"not found",0),_xlfn.XLOOKUP(_xlpm.b,Binning_WOE_IV!$R$58:$R$61,Binning_WOE_IV!$G$58:$G$61,"not found",0))) -> 0.033786998 | AF6: =_xlfn.XLOOKUP(_xlfn.XLOOKUP(N6,Binning_WOE_IV!$AS$2:$AS$4,Binning_WOE_IV!$AT$2:$AT$4,"not found",0),Binning_WOE_IV!$R$62:$R$63,Binning_WOE_IV!$G$62:$G$63,"not found",0) -> 0.12957806 | AG6: =_xlfn.XLOOKUP(_xlfn.XLOOKUP(O6,Binning_WOE_IV!$AU$2:$AU$4,Binning_WOE_IV!$AV$2:$AV$4,"not found",0),Binning_WOE_IV!$R$64:$R$65,Binning_WOE_IV!$G$64:$G$65,"not found",0) -> 0.23435623 | AH6: =V6*TEST_SUMMARY!$C$3 -> 0.74681908 | AI6: =W6*TEST_SUMMARY!$C$4 -> 0.050912844 | AJ6: =X6*TEST_SUMMARY!$C$5 -> 0.25616503 | AK6: =Y6*TEST_SUMMARY!$C$6 -> 0.3570927 | AL6: =Z6*TEST_SUMMARY!$C$7 -> 0.024580699 | AM6: =AA6*TEST_SUMMARY!$C$8 -> 0.38352631 | AN6: =AB6*TEST_SUMMARY!$C$9 -> 0.1890211 | AO6: =AC6*TEST_SUMMARY!$C$10 -> 0.28670892 | AP6: =AD6*TEST_SUMMARY!$C$11 -> 0.23813847 | AQ6: =AE6*TEST_SUMMARY!$C$12 -> -0.018327249 | AR6: =AF6*TEST_SUMMARY!$C$13 -> -0.079424742 | AS6: =AG6*TEST_SUMMARY!$C$14 -> -0.088615 | AT6: =TEST_SUMMARY!$C$2+SUM(AH6:AS6) -> 1.5251974 | AU6: =1/(1+EXP(-AT6)) -> 0.82130254 | AV6: =-((U6*LN(AU6))+(1-U6)*LN(1-AU6)) -> 0.19686373 | AW6: =IF(U6=0,1,0) -> 0 | AX6: =IF(U6=1,1,0) -> 1 | AY6: =AW6+AY5 -> 0 | AZ6: =AX6+AZ5 -> 5 | BA6: =AY6/SUM($AW$2:$AW$301) -> 0 | BB6: =AZ6/SUM($AX$2:$AX$301) -> 0.058823529 | BC6: =ABS(BA6-BB6) -> 0.058823529 | BD6: =BB6 -> 0.058823529 | BE6: =BA6 -> 0 | BF6: =VLOOKUP(AH6,POINTS_TABLE!$D$2:$E$6,2,FALSE) -> 32.322965 | BG6: =VLOOKUP(AI6,POINTS_TABLE!$D$7:$E$12,2,FALSE) -> 2.2035512 | BH6: =VLOOKUP(AJ6,POINTS_TABLE!$D$13:$E$18,2,FALSE) -> 11.087041 | BI6: =VLOOKUP(AK6,POINTS_TABLE!$D$21:$E$24,2,FALSE) -> 15.455276 | BJ6: =VLOOKUP(AL6,POINTS_TABLE!$D$25:$E$27,2,FALSE) -> 1.0638736 | BK6: =VLOOKUP(AM6,POINTS_TABLE!$D$28:$E$33,2,FALSE) -> 16.599345 | BL6: =VLOOKUP(AN6,POINTS_TABLE!$D$34:$E$37,2,FALSE) -> 8.1809943 | BM6: =VLOOKUP(AO6,POINTS_TABLE!$D$38:$E$41,2,FALSE) -> 12.409006 | BN6: =VLOOKUP(AP6,POINTS_TABLE!$D$42:$E$44,2,FALSE) -> 10.306836 | BO6: =VLOOKUP(AQ6,POINTS_TABLE!$D$45:$E$48,2,FALSE) -> -0.79321896 | BP6: =VLOOKUP(AR6,POINTS_TABLE!$D$49:$E$50,2,FALSE) -> -3.4375704 | BQ6: =VLOOKUP(AS6,POINTS_TABLE!$D$51:$E$52,2,FALSE) -> -3.8353326 | BR6: =ROUND(SCORECARD_SCALLING!$C$6-SUM(BF6:BQ6)-TRAIN_SUMMARY!$C$2*SCORECARD_SCALLING!$C$5,0) -> 404 | BS6: =IF(BR6>=580,"Accept",IF(AND(BR6>=500,BR6<580),"Manual review","Reject")) -> Reject | BT6: =IF(BS6="Reject",1,IF(BS6="Manual review",2,3)) -> 1
A7: <0 | B7: 36 | C7: critical/other existing credit | D7: education | E7: 8065 | F7: <100 | G7: 1<=X<4 | H7: 3 | I7: female div/dep/mar | J7: none | K7: 2 | L7: no known property | M7: 25 | N7: none | O7: own | P7: 2 | Q7: high qualif/self emp/mgmt | R7: 1 | S7: yes | T7: yes | U7: 1 | V7: =_xlfn.XLOOKUP(B7,Binning_WOE_IV!$C$2:$C$6,Binning_WOE_IV!$I$2:$I$6,"not found",-1) -> -0.67243226 | W7: =_xlfn.XLOOKUP(E7,Binning_WOE_IV!$C$7:$C$12,Binning_WOE_IV!$I$7:$I$12,"not found",-1) -> -0.98786425 | X7: =_xlfn.XLOOKUP(M7,Binning_WOE_IV!$C$13:$C$18,Binning_WOE_IV!$I$13:$I$18,"not found",-1) -> -0.40221483 | Y7: =_xlfn.XLOOKUP(A7,Binning_WOE_IV!$B$32:$B$35,Binning_WOE_IV!$G$32:$G$35,"not found",0) -> -0.67859154 | Z7: =_xlfn.XLOOKUP(_xlfn.XLOOKUP(C7,Binning_WOE_IV!$AF$2:$AF$6,Binning_WOE_IV!$AG$2:$AG$6,"not found",0),Binning_WOE_IV!$R$36:$R$38,Binning_WOE_IV!$G$36:$G$38,"not found",0) -> 0.68738688 | AA7: {=_xlfn.SWITCH(D7,"radio/tv",Binning_WOE_IV!$G$39,"other",Binning_WOE_IV!$G$39,"education",Binning_WOE_IV!$G$40,"retraining",Binning_WOE_IV!$G$40,"furniture/equipment",Binning_WOE_IV!$G$41,"domestic appliance",Binning_WOE_IV!$G$41,"new car",Binning_WOE_IV!$G$42,"used car",Binning_WOE_IV!$G$43,"repairs",Binning_WOE_IV!$G$43,"business",Binning_WOE_IV!$G$44,"not found")} -> -0.30268524 | AB7: =_xlfn.LET(_xlpm.b,_xlfn.XLOOKUP(F7,Binning_WOE_IV!$AJ$2:$AJ$6,Binning_WOE_IV!$AK$2:$AK$6,"not found",0),IF(_xlpm.b="bin1",_xlfn.XLOOKUP(_xlpm.b,Binning_WOE_IV!$R$45:$R$48,Binning_WOE_IV!$G$45:$G$48,"not found",0),_xlfn.XLOOKUP(_xlpm.b,Binning_WOE_IV!$R$45:$R$48,Binning_WOE_IV!$G$45:$G$48,"not found",0))) -> -0.23980372 | AC7: =_xlfn.LET(_xlpm.b,_xlfn.XLOOKUP(G7,Binning_WOE_IV!$AL$2:$AL$6,Binning_WOE_IV!$AM$2:$AM$6,"not found",0),IF(_xlpm.b="bin1",_xlfn.XLOOKUP(_xlpm.b,Binning_WOE_IV!$R$49:$R$52,Binning_WOE_IV!$G$49:$G$52,"not found",0),_xlfn.XLOOKUP(_xlpm.b,Binning_WOE_IV!$R$49:$R$52,Binning_WOE_IV!$G$49:$G$52,"not found",0))) -> -0.082142469 | AD7: =_xlfn.XLOOKUP(_xlfn.XLOOKUP(I7,Binning_WOE_IV!$AN$2:$AN$5,Binning_WOE_IV!$AO$2:$AO$5,"not found",0),Binning_WOE_IV!$R$53:$R$55,Binning_WOE_IV!$G$53:$G$55,"not found",0) -> -0.20099342 | AE7: =_xlfn.LET(_xlpm.b,_xlfn.XLOOKUP(L7,Binning_WOE_IV!$AQ$2:$AQ$5,Binning_WOE_IV!$AR$2:$AR$5,"not found",0),IF(_xlpm.b="bin4",_xlfn.XLOOKUP(_xlpm.b,Binning_WOE_IV!$R$58:$R$61,Binning_WOE_IV!$G$58:$G$61,"not found",0),_xlfn.XLOOKUP(_xlpm.b,Binning_WOE_IV!$R$58:$R$61,Binning_WOE_IV!$G$58:$G$61,"not found",0))) -> -0.56219643 | AF7: =_xlfn.XLOOKUP(_xlfn.XLOOKUP(N7,Binning_WOE_IV!$AS$2:$AS$4,Binning_WOE_IV!$AT$2:$AT$4,"not found",0),Binning_WOE_IV!$R$62:$R$63,Binning_WOE_IV!$G$62:$G$63,"not found",0) -> 0.12957806 | AG7: =_xlfn.XLOOKUP(_xlfn.XLOOKUP(O7,Binning_WOE_IV!$AU$2:$AU$4,Binning_WOE_IV!$AV$2:$AV$4,"not found",0),Binning_WOE_IV!$R$64:$R$65,Binning_WOE_IV!$G$64:$G$65,"not found",0) -> 0.23435623 | AH7: =V7*TEST_SUMMARY!$C$3 -> 0.53026699 | AI7: =W7*TEST_SUMMARY!$C$4 -> 0.49301773 | AJ7: =X7*TEST_SUMMARY!$C$5 -> 0.25616503 | AK7: =Y7*TEST_SUMMARY!$C$6 -> 0.53190423 | AL7: =Z7*TEST_SUMMARY!$C$7 -> -0.37777465 | AM7: =AA7*TEST_SUMMARY!$C$8 -> 0.31332064 | AN7: =AB7*TEST_SUMMARY!$C$9 -> 0.17108449 | AO7: =AC7*TEST_SUMMARY!$C$10 -> 0.047923621 | AP7: =AD7*TEST_SUMMARY!$C$11 -> 0.23813847 | AQ7: =AE7*TEST_SUMMARY!$C$12 -> 0.30495501 | AR7: =AF7*TEST_SUMMARY!$C$13 -> -0.079424742 | AS7: =AG7*TEST_SUMMARY!$C$14 -> -0.088615 | AT7: =TEST_SUMMARY!$C$2+SUM(AH7:AS7) -> 1.519561 | AU7: =1/(1+EXP(-AT7)) -> 0.82047383 | AV7: =-((U7*LN(AU7))+(1-U7)*LN(1-AU7)) -> 0.19787327 | AW7: =IF(U7=0,1,0) -> 0 | AX7: =IF(U7=1,1,0) -> 1 | AY7: =AW7+AY6 -> 0 | AZ7: =AX7+AZ6 -> 6 | BA7: =AY7/SUM($AW$2:$AW$301) -> 0 | BB7: =AZ7/SUM($AX$2:$AX$301) -> 0.070588235 | BC7: =ABS(BA7-BB7) -> 0.070588235 | BD7: =BB7 -> 0.070588235 | BE7: =BA7 -> 0 | BF7: =VLOOKUP(AH7,POINTS_TABLE!$D$2:$E$6,2,FALSE) -> 22.950407 | BG7: =VLOOKUP(AI7,POINTS_TABLE!$D$7:$E$12,2,FALSE) -> 21.338227 | BH7: =VLOOKUP(AJ7,POINTS_TABLE!$D$13:$E$18,2,FALSE) -> 11.087041 | BI7: =VLOOKUP(AK7,POINTS_TABLE!$D$21:$E$24,2,FALSE) -> 23.021268 | BJ7: =VLOOKUP(AL7,POINTS_TABLE!$D$25:$E$27,2,FALSE) -> -16.350408 | BK7: =VLOOKUP(AM7,POINTS_TABLE!$D$28:$E$33,2,FALSE) -> 13.560784 | BL7: =VLOOKUP(AN7,POINTS_TABLE!$D$34:$E$37,2,FALSE) -> 7.4046822 | BM7: =VLOOKUP(AO7,POINTS_TABLE!$D$38:$E$41,2,FALSE) -> 2.0741751 | BN7: =VLOOKUP(AP7,POINTS_TABLE!$D$42:$E$44,2,FALSE) -> 10.306836 | BO7: =VLOOKUP(AQ7,POINTS_TABLE!$D$45:$E$48,2,FALSE) -> 13.198713 | BP7: =VLOOKUP(AR7,POINTS_TABLE!$D$49:$E$50,2,FALSE) -> -3.4375704 | BQ7: =VLOOKUP(AS7,POINTS_TABLE!$D$51:$E$52,2,FALSE) -> -3.8353326 | BR7: =ROUND(SCORECARD_SCALLING!$C$6-SUM(BF7:BQ7)-TRAIN_SUMMARY!$C$2*SCORECARD_SCALLING!$C$5,0) -> 405 | BS7: =IF(BR7>=580,"Accept",IF(AND(BR7>=500,BR7<580),"Manual review","Reject")) -> Reject | BT7: =IF(BS7="Reject",1,IF(BS7="Manual review",2,3)) -> 1
A8: >=200 | B8: 42 | C8: no credits/all paid | D8: business | E8: 6289 | F8: <100 | G8: <1 | H8: 2 | I8: male div/sep | J8: none | K8: 1 | L8: life insurance | M8: 33 | N8: none | O8: own | P8: 2 | Q8: skilled | R8: 1 | S8: none | T8: yes | U8: 0 | V8: =_xlfn.XLOOKUP(B8,Binning_WOE_IV!$C$2:$C$6,Binning_WOE_IV!$I$2:$I$6,"not found",-1) -> -0.67243226 | W8: =_xlfn.XLOOKUP(E8,Binning_WOE_IV!$C$7:$C$12,Binning_WOE_IV!$I$7:$I$12,"not found",-1) -> -0.10201454 | X8: =_xlfn.XLOOKUP(M8,Binning_WOE_IV!$C$13:$C$18,Binning_WOE_IV!$I$13:$I$18,"not found",-1) -> -0.090210644 | Y8: =_xlfn.XLOOKUP(A8,Binning_WOE_IV!$B$32:$B$35,Binning_WOE_IV!$G$32:$G$35,"not found",0) -> 0.16731839 | Z8: =_xlfn.XLOOKUP(_xlfn.XLOOKUP(C8,Binning_WOE_IV!$AF$2:$AF$6,Binning_WOE_IV!$AG$2:$AG$6,"not found",0),Binning_WOE_IV!$R$36:$R$38,Binning_WOE_IV!$G$36:$G$38,"not found",0) -> -1.2442938 | AA8: {=_xlfn.SWITCH(D8,"radio/tv",Binning_WOE_IV!$G$39,"other",Binning_WOE_IV!$G$39,"education",Binning_WOE_IV!$G$40,"retraining",Binning_WOE_IV!$G$40,"furniture/equipment",Binning_WOE_IV!$G$41,"domestic appliance",Binning_WOE_IV!$G$41,"new car",Binning_WOE_IV!$G$42,"used car",Binning_WOE_IV!$G$43,"repairs",Binning_WOE_IV!$G$43,"business",Binning_WOE_IV!$G$44,"not found")} -> -0.47176157 | AB8: =_xlfn.LET(_xlpm.b,_xlfn.XLOOKUP(F8,Binning_WOE_IV!$AJ$2:$AJ$6,Binning_WOE_IV!$AK$2:$AK$6,"not found",0),IF(_xlpm.b="bin1",_xlfn.XLOOKUP(_xlpm.b,Binning_WOE_IV!$R$45:$R$48,Binning_WOE_IV!$G$45:$G$48,"not found",0),_xlfn.XLOOKUP(_xlpm.b,Binning_WOE_IV!$R$45:$R$48,Binning_WOE_IV!$G$45:$G$48,"not found",0))) -> -0.23980372 | AC8: =_xlfn.LET(_xlpm.b,_xlfn.XLOOKUP(G8,Binning_WOE_IV!$AL$2:$AL$6,Binning_WOE_IV!$AM$2:$AM$6,"not found",0),IF(_xlpm.b="bin1",_xlfn.XLOOKUP(_xlpm.b,Binning_WOE_IV!$R$49:$R$52,Binning_WOE_IV!$G$49:$G$52,"not found",0),_xlfn.XLOOKUP(_xlpm.b,Binning_WOE_IV!$R$49:$R$52,Binning_WOE_IV!$G$49:$G$52,"not found",0))) -> -0.49142736 | AD8: =_xlfn.XLOOKUP(_xlfn.XLOOKUP(I8,Binning_WOE_IV!$AN$2:$AN$5,Binning_WOE_IV!$AO$2:$AO$5,"not found",0),Binning_WOE_IV!$R$53:$R$55,Binning_WOE_IV!$G$53:$G$55,"not found",0) -> -0.26989542 | AE8: =_xlfn.LET(_xlpm.b,_xlfn.XLOOKUP(L8,Binning_WOE_IV!$AQ$2:$AQ$5,Binning_WOE_IV!$AR$2:$AR$5,"not found",0),IF(_xlpm.b="bin4",_xlfn.XLOOKUP(_xlpm.b,Binning_WOE_IV!$R$58:$R$61,Binning_WOE_IV!$G$58:$G$61,"not found",0),_xlfn.XLOOKUP(_xlpm.b,Binning_WOE_IV!$R$58:$R$61,Binning_WOE_IV!$G$58:$G$61,"not found",0))) -> 0.033786998 | AF8: =_xlfn.XLOOKUP(_xlfn.XLOOKUP(N8,Binning_WOE_IV!$AS$2:$AS$4,Binning_WOE_IV!$AT$2:$AT$4,"not found",0),Binning_WOE_IV!$R$62:$R$63,Binning_WOE_IV!$G$62:$G$63,"not found",0) -> 0.12957806 | AG8: =_xlfn.XLOOKUP(_xlfn.XLOOKUP(O8,Binning_WOE_IV!$AU$2:$AU$4,Binning_WOE_IV!$AV$2:$AV$4,"not found",0),Binning_WOE_IV!$R$64:$R$65,Binning_WOE_IV!$G$64:$G$65,"not found",0) -> 0.23435623 | AH8: =V8*TEST_SUMMARY!$C$3 -> 0.53026699 | AI8: =W8*TEST_SUMMARY!$C$4 -> 0.050912844 | AJ8: =X8*TEST_SUMMARY!$C$5 -> 0.057453904 | AK8: =Y8*TEST_SUMMARY!$C$6 -> -0.13115012 | AL8: =Z8*TEST_SUMMARY!$C$7 -> 0.68384 | AM8: =AA8*TEST_SUMMARY!$C$8 -> 0.48833778 | AN8: =AB8*TEST_SUMMARY!$C$9 -> 0.17108449 | AO8: =AC8*TEST_SUMMARY!$C$10 -> 0.28670892 | AP8: =AD8*TEST_SUMMARY!$C$11 -> 0.31977406 | AQ8: =AE8*TEST_SUMMARY!$C$12 -> -0.018327249 | AR8: =AF8*TEST_SUMMARY!$C$13 -> -0.079424742 | AS8: =AG8*TEST_SUMMARY!$C$14 -> -0.088615 | AT8: =TEST_SUMMARY!$C$2+SUM(AH8:AS8) -> 1.4494611 | AU8: =1/(1+EXP(-AT8)) -> 0.80991548 | AV8: =-((U8*LN(AU8))+(1-U8)*LN(1-AU8)) -> 1.6602865 | AW8: =IF(U8=0,1,0) -> 1 | AX8: =IF(U8=1,1,0) -> 0 | AY8: =AW8+AY7 -> 1 | AZ8: =AX8+AZ7 -> 6 | BA8: =AY8/SUM($AW$2:$AW$301) -> 0.0046511628 | BB8: =AZ8/SUM($AX$2:$AX$301) -> 0.070588235 | BC8: =ABS(BA8-BB8) -> 0.065937073 | BD8: =BB8 -> 0.070588235 | BE8: =BA8 -> 0.0046511628 | BF8: =VLOOKUP(AH8,POINTS_TABLE!$D$2:$E$6,2,FALSE) -> 22.950407 | BG8: =VLOOKUP(AI8,POINTS_TABLE!$D$7:$E$12,2,FALSE) -> 2.2035512 | BH8: =VLOOKUP(AJ8,POINTS_TABLE!$D$13:$E$18,2,FALSE) -> 2.4866539 | BI8: =VLOOKUP(AK8,POINTS_TABLE!$D$21:$E$24,2,FALSE) -> -5.6762887 | BJ8: =VLOOKUP(AL8,POINTS_TABLE!$D$25:$E$27,2,FALSE) -> 29.597177 | BK8: =VLOOKUP(AM8,POINTS_TABLE!$D$28:$E$33,2,FALSE) -> 21.135675 | BL8: =VLOOKUP(AN8,POINTS_TABLE!$D$34:$E$37,2,FALSE) -> 7.4046822 | BM8: =VLOOKUP(AO8,POINTS_TABLE!$D$38:$E$41,2,FALSE) -> 12.409006 | BN8: =VLOOKUP(AP8,POINTS_TABLE!$D$42:$E$44,2,FALSE) -> 13.840094 | BO8: =VLOOKUP(AQ8,POINTS_TABLE!$D$45:$E$48,2,FALSE) -> -0.79321896 | BP8: =VLOOKUP(AR8,POINTS_TABLE!$D$49:$E$50,2,FALSE) -> -3.4375704 | BQ8: =VLOOKUP(AS8,POINTS_TABLE!$D$51:$E$52,2,FALSE) -> -3.8353326 | BR8: =ROUND(SCORECARD_SCALLING!$C$6-SUM(BF8:BQ8)-TRAIN_SUMMARY!$C$2*SCORECARD_SCALLING!$C$5,0) -> 408 | BS8: =IF(BR8>=580,"Accept",IF(AND(BR8>=500,BR8<580),"Manual review","Reject")) -> Reject | BT8: =IF(BS8="Reject",1,IF(BS8="Manual review",2,3)) -> 1
A9: <0 | B9: 47 | C9: existing paid | D9: new car | E9: 10722 | F9: <100 | G9: <1 | H9: 1 | I9: female div/dep/mar | J9: none | K9: 1 | L9: real estate | M9: 35 | N9: none | O9: own | P9: 1 | Q9: unskilled resident | R9: 1 | S9: yes | T9: yes | U9: 0 | V9: =_xlfn.XLOOKUP(B9,Binning_WOE_IV!$C$2:$C$6,Binning_WOE_IV!$I$2:$I$6,"not found",-1) -> -0.67243226 | W9: =_xlfn.XLOOKUP(E9,Binning_WOE_IV!$C$7:$C$12,Binning_WOE_IV!$I$7:$I$12,"not found",-1) -> -0.98786425 | X9: =_xlfn.XLOOKUP(M9,Binning_WOE_IV!$C$13:$C$18,Binning_WOE_IV!$I$13:$I$18,"not found",-1) -> -0.090210644 | Y9: =_xlfn.XLOOKUP(A9,Binning_WOE_IV!$B$32:$B$35,Binning_WOE_IV!$G$32:$G$35,"not found",0) -> -0.67859154 | Z9: =_xlfn.XLOOKUP(_xlfn.XLOOKUP(C9,Binning_WOE_IV!$AF$2:$AF$6,Binning_WOE_IV!$AG$2:$AG$6,"not found",0),Binning_WOE_IV!$R$36:$R$38,Binning_WOE_IV!$G$36:$G$38,"not found",0) -> -0.044726268 | AA9: {=_xlfn.SWITCH(D9,"radio/tv",Binning_WOE_IV!$G$39,"other",Binning_WOE_IV!$G$39,"education",Binning_WOE_IV!$G$40,"retraining",Binning_WOE_IV!$G$40,"furniture/equipment",Binning_WOE_IV!$G$41,"domestic appliance",Binning_WOE_IV!$G$41,"new car",Binning_WOE_IV!$G$42,"used car",Binning_WOE_IV!$G$43,"repairs",Binning_WOE_IV!$G$43,"business",Binning_WOE_IV!$G$44,"not found")} -> -0.37050784 | AB9: =_xlfn.LET(_xlpm.b,_xlfn.XLOOKUP(F9,Binning_WOE_IV!$AJ$2:$AJ$6,Binning_WOE_IV!$AK$2:$AK$6,"not found",0),IF(_xlpm.b="bin1",_xlfn.XLOOKUP(_xlpm.b,Binning_WOE_IV!$R$45:$R$48,Binning_WOE_IV!$G$45:$G$48,"not found",0),_xlfn.XLOOKUP(_xlpm.b,Binning_WOE_IV!$R$45:$R$48,Binning_WOE_IV!$G$45:$G$48,"not found",0))) -> -0.23980372 | AC9: =_xlfn.LET(_xlpm.b,_xlfn.XLOOKUP(G9,Binning_WOE_IV!$AL$2:$AL$6,Binning_WOE_IV!$AM$2:$AM$6,"not found",0),IF(_xlpm.b="bin1",_xlfn.XLOOKUP(_xlpm.b,Binning_WOE_IV!$R$49:$R$52,Binning_WOE_IV!$G$49:$G$52,"not found",0),_xlfn.XLOOKUP(_xlpm.b,Binning_WOE_IV!$R$49:$R$52,Binning_WOE_IV!$G$49:$G$52,"not found",0))) -> -0.49142736 | AD9: =_xlfn.XLOOKUP(_xlfn.XLOOKUP(I9,Binning_WOE_IV!$AN$2:$AN$5,Binning_WOE_IV!$AO$2:$AO$5,"not found",0),Binning_WOE_IV!$R$53:$R$55,Binning_WOE_IV!$G$53:$G$55,"not found",0) -> -0.20099342 | AE9: =_xlfn.LET(_xlpm.b,_xlfn.XLOOKUP(L9,Binning_WOE_IV!$AQ$2:$AQ$5,Binning_WOE_IV!$AR$2:$AR$5,"not found",0),IF(_xlpm.b="bin4",_xlfn.XLOOKUP(_xlpm.b,Binning_WOE_IV!$R$58:$R$61,Binning_WOE_IV!$G$58:$G$61,"not found",0),_xlfn.XLOOKUP(_xlpm.b,Binning_WOE_IV!$R$58:$R$61,Binning_WOE_IV!$G$58:$G$61,"not found",0))) -> 0.51634219 | AF9: =_xlfn.XLOOKUP(_xlfn.XLOOKUP(N9,Binning_WOE_IV!$AS$2:$AS$4,Binning_WOE_IV!$AT$2:$AT$4,"not found",0),Binning_WOE_IV!$R$62:$R$63,Binning_WOE_IV!$G$62:$G$63,"not found",0) -> 0.12957806 | AG9: =_xlfn.XLOOKUP(_xlfn.XLOOKUP(O9,Binning_WOE_IV!$AU$2:$AU$4,Binning_WOE_IV!$AV$2:$AV$4,"not found",0),Binning_WOE_IV!$R$64:$R$65,Binning_WOE_IV!$G$64:$G$65,"not found",0) -> 0.23435623 | AH9: =V9*TEST_SUMMARY!$C$3 -> 0.53026699 | AI9: =W9*TEST_SUMMARY!$C$4 -> 0.49301773 | AJ9: =X9*TEST_SUMMARY!$C$5 -> 0.057453904 | AK9: =Y9*TEST_SUMMARY!$C$6 -> 0.53190423 | AL9: =Z9*TEST_SUMMARY!$C$7 -> 0.024580699 | AM9: =AA9*TEST_SUMMARY!$C$8 -> 0.38352631 | AN9: =AB9*TEST_SUMMARY!$C$9 -> 0.17108449 | AO9: =AC9*TEST_SUMMARY!$C$10 -> 0.28670892 | AP9: =AD9*TEST_SUMMARY!$C$11 -> 0.23813847 | AQ9: =AE9*TEST_SUMMARY!$C$12 -> -0.28008207 | AR9: =AF9*TEST_SUMMARY!$C$13 -> -0.079424742 | AS9: =AG9*TEST_SUMMARY!$C$14 -> -0.088615 | AT9: =TEST_SUMMARY!$C$2+SUM(AH9:AS9) -> 1.4471591 | AU9: =1/(1+EXP(-AT9)) -> 0.80956083 | AV9: =-((U9*LN(AU9))+(1-U9)*LN(1-AU9)) -> 1.6584225 | AW9: =IF(U9=0,1,0) -> 1 | AX9: =IF(U9=1,1,0) -> 0 | AY9: =AW9+AY8 -> 2 | AZ9: =AX9+AZ8 -> 6 | BA9: =AY9/SUM($AW$2:$AW$301) -> 0.0093023256 | BB9: =AZ9/SUM($AX$2:$AX$301) -> 0.070588235 | BC9: =ABS(BA9-BB9) -> 0.06128591 | BD9: =BB9 -> 0.070588235 | BE9: =BA9 -> 0.0093023256 | BF9: =VLOOKUP(AH9,POINTS_TABLE!$D$2:$E$6,2,FALSE) -> 22.950407 | BG9: =VLOOKUP(AI9,POINTS_TABLE!$D$7:$E$12,2,FALSE) -> 21.338227 | BH9: =VLOOKUP(AJ9,POINTS_TABLE!$D$13:$E$18,2,FALSE) -> 2.4866539 | BI9: =VLOOKUP(AK9,POINTS_TABLE!$D$21:$E$24,2,FALSE) -> 23.021268 | BJ9: =VLOOKUP(AL9,POINTS_TABLE!$D$25:$E$27,2,FALSE) -> 1.0638736 | BK9: =VLOOKUP(AM9,POINTS_TABLE!$D$28:$E$33,2,FALSE) -> 16.599345 | BL9: =VLOOKUP(AN9,POINTS_TABLE!$D$34:$E$37,2,FALSE) -> 7.4046822 | BM9: =VLOOKUP(AO9,POINTS_TABLE!$D$38:$E$41,2,FALSE) -> 12.409006 | BN9: =VLOOKUP(AP9,POINTS_TABLE!$D$42:$E$44,2,FALSE) -> 10.306836 | BO9: =VLOOKUP(AQ9,POINTS_TABLE!$D$45:$E$48,2,FALSE) -> -12.12219 | BP9: =VLOOKUP(AR9,POINTS_TABLE!$D$49:$E$50,2,FALSE) -> -3.4375704 | BQ9: =VLOOKUP(AS9,POINTS_TABLE!$D$51:$E$52,2,FALSE) -> -3.8353326 | BR9: =ROUND(SCORECARD_SCALLING!$C$6-SUM(BF9:BQ9)-TRAIN_SUMMARY!$C$2*SCORECARD_SCALLING!$C$5,0) -> 408 | BS9: =IF(BR9>=580,"Accept",IF(AND(BR9>=500,BR9<580),"Manual review","Reject")) -> Reject | BT9: =IF(BS9="Reject",1,IF(BS9="Manual review",2,3)) -> 1
A10: 0<=X<200 | B10: 48 | C10: no credits/all paid | D10: business | E10: 12204 | F10: no known savings | G10: 1<=X<4 | H10: 2 | I10: male single | J10: none | K10: 2 | L10: car | M10: 48 | N10: bank | O10: own | P10: 1 | Q10: high qualif/self emp/mgmt | R10: 1 | S10: yes | T10: yes | U10: 0 | V10: =_xlfn.XLOOKUP(B10,Binning_WOE_IV!$C$2:$C$6,Binning_WOE_IV!$I$2:$I$6,"not found",-1) -> -0.94704226 | W10: =_xlfn.XLOOKUP(E10,Binning_WOE_IV!$C$7:$C$12,Binning_WOE_IV!$I$7:$I$12,"not found",-1) -> -0.98786425 | X10: =_xlfn.XLOOKUP(M10,Binning_WOE_IV!$C$13:$C$18,Binning_WOE_IV!$I$13:$I$18,"not found",-1) -> 0.42044277 | Y10: =_xlfn.XLOOKUP(A10,Binning_WOE_IV!$B$32:$B$35,Binning_WOE_IV!$G$32:$G$35,"not found",0) -> -0.4555709 | Z10: =_xlfn.XLOOKUP(_xlfn.XLOOKUP(C10,Binning_WOE_IV!$AF$2:$AF$6,Binning_WOE_IV!$AG$2:$AG$6,"not found",0),Binning_WOE_IV!$R$36:$R$38,Binning_WOE_IV!$G$36:$G$38,"not found",0) -> -1.2442938 | AA10: {=_xlfn.SWITCH(D10,"radio/tv",Binning_WOE_IV!$G$39,"other",Binning_WOE_IV!$G$39,"education",Binning_WOE_IV!$G$40,"retraining",Binning_WOE_IV!$G$40,"furniture/equipment",Binning_WOE_IV!$G$41,"domestic appliance",Binning_WOE_IV!$G$41,"new car",Binning_WOE_IV!$G$42,"used car",Binning_WOE_IV!$G$43,"repairs",Binning_WOE_IV!$G$43,"business",Binning_WOE_IV!$G$44,"not found")} -> -0.47176157 | AB10: =_xlfn.LET(_xlpm.b,_xlfn.XLOOKUP(F10,Binning_WOE_IV!$AJ$2:$AJ$6,Binning_WOE_IV!$AK$2:$AK$6,"not found",0),IF(_xlpm.b="bin1",_xlfn.XLOOKUP(_xlpm.b,Binning_WOE_IV!$R$45:$R$48,Binning_WOE_IV!$G$45:$G$48,"not found",0),_xlfn.XLOOKUP(_xlpm.b,Binning_WOE_IV!$R$45:$R$48,Binning_WOE_IV!$G$45:$G$48,"not found",0))) -> 0.69538582 | AC10: =_xlfn.LET(_xlpm.b,_xlfn.XLOOKUP(G10,Binning_WOE_IV!$AL$2:$AL$6,Binning_WOE_IV!$AM$2:$AM$6,"not found",0),IF(_xlpm.b="bin1",_xlfn.XLOOKUP(_xlpm.b,Binning_WOE_IV!$R$49:$R$52,Binning_WOE_IV!$G$49:$G$52,"not found",0),_xlfn.XLOOKUP(_xlpm.b,Binning_WOE_IV!$R$49:$R$52,Binning_WOE_IV!$G$49:$G$52,"not found",0))) -> -0.082142469 | AD10: =_xlfn.XLOOKUP(_xlfn.XLOOKUP(I10,Binning_WOE_IV!$AN$2:$AN$5,Binning_WOE_IV!$AO$2:$AO$5,"not found",0),Binning_WOE_IV!$R$53:$R$55,Binning_WOE_IV!$G$53:$G$55,"not found",0) -> 0.18111171 | AE10: =_xlfn.LET(_xlpm.b,_xlfn.XLOOKUP(L10,Binning_WOE_IV!$AQ$2:$AQ$5,Binning_WOE_IV!$AR$2:$AR$5,"not found",0),IF(_xlpm.b="bin4",_xlfn.XLOOKUP(_xlpm.b,Binning_WOE_IV!$R$58:$R$61,Binning_WOE_IV!$G$58:$G$61,"not found",0),_xlfn.XLOOKUP(_xlpm.b,Binning_WOE_IV!$R$58:$R$61,Binning_WOE_IV!$G$58:$G$61,"not found",0))) -> -0.11389117 | AF10: =_xlfn.XLOOKUP(_xlfn.XLOOKUP(N10,Binning_WOE_IV!$AS$2:$AS$4,Binning_WOE_IV!$AT$2:$AT$4,"not found",0),Binning_WOE_IV!$R$62:$R$63,Binning_WOE_IV!$G$62:$G$63,"not found",0) -> -0.54969627 | AG10: =_xlfn.XLOOKUP(_xlfn.XLOOKUP(O10,Binning_WOE_IV!$AU$2:$AU$4,Binning_WOE_IV!$AV$2:$AV$4,"not found",0),Binning_WOE_IV!$R$64:$R$65,Binning_WOE_IV!$G$64:$G$65,"not found",0) -> 0.23435623 | AH10: =V10*TEST_SUMMARY!$C$3 -> 0.74681908 | AI10: =W10*TEST_SUMMARY!$C$4 -> 0.49301773 | AJ10: =X10*TEST_SUMMARY!$C$5 -> -0.26777415 | AK10: =Y10*TEST_SUMMARY!$C$6 -> 0.3570927 | AL10: =Z10*TEST_SUMMARY!$C$7 -> 0.68384 | AM10: =AA10*TEST_SUMMARY!$C$8 -> 0.48833778 | AN10: =AB10*TEST_SUMMARY!$C$9 -> -0.49611293 | AO10: =AC10*TEST_SUMMARY!$C$10 -> 0.047923621 | AP10: =AD10*TEST_SUMMARY!$C$11 -> -0.21458248 | AQ10: =AE10*TEST_SUMMARY!$C$12 -> 0.061778554 | AR10: =AF10*TEST_SUMMARY!$C$13 -> 0.33693577 | AS10: =AG10*TEST_SUMMARY!$C$14 -> -0.088615 | AT10: =TEST_SUMMARY!$C$2+SUM(AH10:AS10) -> 1.3272599 | AU10: =1/(1+EXP(-AT10)) -> 0.79038702 | AV10: =-((U10*LN(AU10))+(1-U10)*LN(1-AU10)) -> 1.5624924 | AW10: =IF(U10=0,1,0) -> 1 | AX10: =IF(U10=1,1,0) -> 0 | AY10: =AW10+AY9 -> 3 | AZ10: =AX10+AZ9 -> 6 | BA10: =AY10/SUM($AW$2:$AW$301) -> 0.013953488 | BB10: =AZ10/SUM($AX$2:$AX$301) -> 0.070588235 | BC10: =ABS(BA10-BB10) -> 0.056634747 | BD10: =BB10 -> 0.070588235 | BE10: =BA10 -> 0.013953488 | BF10: =VLOOKUP(AH10,POINTS_TABLE!$D$2:$E$6,2,FALSE) -> 32.322965 | BG10: =VLOOKUP(AI10,POINTS_TABLE!$D$7:$E$12,2,FALSE) -> 21.338227 | BH10: =VLOOKUP(AJ10,POINTS_TABLE!$D$13:$E$18,2,FALSE) -> -11.589493 | BI10: =VLOOKUP(AK10,POINTS_TABLE!$D$21:$E$24,2,FALSE) -> 15.455276 | BJ10: =VLOOKUP(AL10,POINTS_TABLE!$D$25:$E$27,2,FALSE) -> 29.597177 | BK10: =VLOOKUP(AM10,POINTS_TABLE!$D$28:$E$33,2,FALSE) -> 21.135675 | BL10: =VLOOKUP(AN10,POINTS_TABLE!$D$34:$E$37,2,FALSE) -> -21.47219 | BM10: =VLOOKUP(AO10,POINTS_TABLE!$D$38:$E$41,2,FALSE) -> 2.0741751 | BN10: =VLOOKUP(AP10,POINTS_TABLE!$D$42:$E$44,2,FALSE) -> -9.2873124 | BO10: =VLOOKUP(AQ10,POINTS_TABLE!$D$45:$E$48,2,FALSE) -> 2.6738284 | BP10: =VLOOKUP(AR10,POINTS_TABLE!$D$49:$E$50,2,FALSE) -> 14.582867 | BQ10: =VLOOKUP(AS10,POINTS_TABLE!$D$51:$E$52,2,FALSE) -> -3.8353326 | BR10: =ROUND(SCORECARD_SCALLING!$C$6-SUM(BF10:BQ10)-TRAIN_SUMMARY!$C$2*SCORECARD_SCALLING!$C$5,0) -> 413 | BS10: =IF(BR10>=580,"Accept",IF(AND(BR10>=500,BR10<580),"Manual review","Reject")) -> Reject | BT10: =IF(BS10="Reject",1,IF(BS10="Manual review",2,3)) -> 1
A11: <0 | B11: 36 | C11: existing paid | D11: new car | E11: 1842 | F11: <100 | G11: <1 | H11: 4 | I11: female div/dep/mar | J11: none | K11: 4 | L11: car | M11: 34 | N11: none | O11: own | P11: 1 | Q11: skilled | R11: 1 | S11: yes | T11: yes | U11: 1 | V11: =_xlfn.XLOOKUP(B11,Binning_WOE_IV!$C$2:$C$6,Binning_WOE_IV!$I$2:$I$6,"not found",-1) -> -0.67243226 | W11: =_xlfn.XLOOKUP(E11,Binning_WOE_IV!$C$7:$C$12,Binning_WOE_IV!$I$7:$I$12,"not found",-1) -> 0.16104878 | X11: =_xlfn.XLOOKUP(M11,Binning_WOE_IV!$C$13:$C$18,Binning_WOE_IV!$I$13:$I$18,"not found",-1) -> -0.090210644 | Y11: =_xlfn.XLOOKUP(A11,Binning_WOE_IV!$B$32:$B$35,Binning_WOE_IV!$G$32:$G$35,"not found",0) -> -0.67859154 | Z11: =_xlfn.XLOOKUP(_xlfn.XLOOKUP(C11,Binning_WOE_IV!$AF$2:$AF$6,Binning_WOE_IV!$AG$2:$AG$6,"not found",0),Binning_WOE_IV!$R$36:$R$38,Binning_WOE_IV!$G$36:$G$38,"not found",0) -> -0.044726268 | AA11: {=_xlfn.SWITCH(D11,"radio/tv",Binning_WOE_IV!$G$39,"other",Binning_WOE_IV!$G$39,"education",Binning_WOE_IV!$G$40,"retraining",Binning_WOE_IV!$G$40,"furniture/equipment",Binning_WOE_IV!$G$41,"domestic appliance",Binning_WOE_IV!$G$41,"new car",Binning_WOE_IV!$G$42,"used car",Binning_WOE_IV!$G$43,"repairs",Binning_WOE_IV!$G$43,"business",Binning_WOE_IV!$G$44,"not found")} -> -0.37050784 | AB11: =_xlfn.LET(_xlpm.b,_xlfn.XLOOKUP(F11,Binning_WOE_IV!$AJ$2:$AJ$6,Binning_WOE_IV!$AK$2:$AK$6,"not found",0),IF(_xlpm.b="bin1",_xlfn.XLOOKUP(_xlpm.b,Binning_WOE_IV!$R$45:$R$48,Binning_WOE_IV!$G$45:$G$48,"not found",0),_xlfn.XLOOKUP(_xlpm.b,Binning_WOE_IV!$R$45:$R$48,Binning_WOE_IV!$G$45:$G$48,"not found",0))) -> -0.23980372 | AC11: =_xlfn.LET(_xlpm.b,_xlfn.XLOOKUP(G11,Binning_WOE_IV!$AL$2:$AL$6,Binning_WOE_IV!$AM$2:$AM$6,"not found",0),IF(_xlpm.b="bin1",_xlfn.XLOOKUP(_xlpm.b,Binning_WOE_IV!$R$49:$R$52,Binning_WOE_IV!$G$49:$G$52,"not found",0),_xlfn.XLOOKUP(_xlpm.b,Binning_WOE_IV!$R$49:$R$52,Binning_WOE_IV!$G$49:$G$52,"not found",0))) -> -0.49142736 | AD11: =_xlfn.XLOOKUP(_xlfn.XLOOKUP(I11,Binning_WOE_IV!$AN$2:$AN$5,Binning_WOE_IV!$AO$2:$AO$5,"not found",0),Binning_WOE_IV!$R$53:$R$55,Binning_WOE_IV!$G$53:$G$55,"not found",0) -> -0.20099342 | AE11: =_xlfn.LET(_xlpm.b,_xlfn.XLOOKUP(L11,Binning_WOE_IV!$AQ$2:$AQ$5,Binning_WOE_IV!$AR$2:$AR$5,"not found",0),IF(_xlpm.b="bin4",_xlfn.XLOOKUP(_xlpm.b,Binning_WOE_IV!$R$58:$R$61,Binning_WOE_IV!$G$58:$G$61,"not found",0),_xlfn.XLOOKUP(_xlpm.b,Binning_WOE_IV!$R$58:$R$61,Binning_WOE_IV!$G$58:$G$61,"not found",0))) -> -0.11389117 | AF11: =_xlfn.XLOOKUP(_xlfn.XLOOKUP(N11,Binning_WOE_IV!$AS$2:$AS$4,Binning_WOE_IV!$AT$2:$AT$4,"not found",0),Binning_WOE_IV!$R$62:$R$63,Binning_WOE_IV!$G$62:$G$63,"not found",0) -> 0.12957806 | AG11: =_xlfn.XLOOKUP(_xlfn.XLOOKUP(O11,Binning_WOE_IV!$AU$2:$AU$4,Binning_WOE_IV!$AV$2:$AV$4,"not found",0),Binning_WOE_IV!$R$64:$R$65,Binning_WOE_IV!$G$64:$G$65,"not found",0) -> 0.23435623 | AH11: =V11*TEST_SUMMARY!$C$3 -> 0.53026699 | AI11: =W11*TEST_SUMMARY!$C$4 -> -0.080375317 | AJ11: =X11*TEST_SUMMARY!$C$5 -> 0.057453904 | AK11: =Y11*TEST_SUMMARY!$C$6 -> 0.53190423 | AL11: =Z11*TEST_SUMMARY!$C$7 -> 0.024580699 | AM11: =AA11*TEST_SUMMARY!$C$8 -> 0.38352631 | AN11: =AB11*TEST_SUMMARY!$C$9 -> 0.17108449 | AO11: =AC11*TEST_SUMMARY!$C$10 -> 0.28670892 | AP11: =AD11*TEST_SUMMARY!$C$11 -> 0.23813847 | AQ11: =AE11*TEST_SUMMARY!$C$12 -> 0.061778554 | AR11: =AF11*TEST_SUMMARY!$C$13 -> -0.079424742 | AS11: =AG11*TEST_SUMMARY!$C$14 -> -0.088615 | AT11: =TEST_SUMMARY!$C$2+SUM(AH11:AS11) -> 1.2156267 | AU11: =1/(1+EXP(-AT11)) -> 0.77129301 | AV11: =-((U11*LN(AU11))+(1-U11)*LN(1-AU11)) -> 0.25968694 | AW11: =IF(U11=0,1,0) -> 0 | AX11: =IF(U11=1,1,0) -> 1 | AY11: =AW11+AY10 -> 3 | AZ11: =AX11+AZ10 -> 7 | BA11: =AY11/SUM($AW$2:$AW$301) -> 0.013953488 | BB11: =AZ11/SUM($AX$2:$AX$301) -> 0.082352941 | BC11: =ABS(BA11-BB11) -> 0.068399453 | BD11: =BB11 -> 0.082352941 | BE11: =BA11 -> 0.013953488 | BF11: =VLOOKUP(AH11,POINTS_TABLE!$D$2:$E$6,2,FALSE) -> 22.950407 | BG11: =VLOOKUP(AI11,POINTS_TABLE!$D$7:$E$12,2,FALSE) -> -3.4787121 | BH11: =VLOOKUP(AJ11,POINTS_TABLE!$D$13:$E$18,2,FALSE) -> 2.4866539 | BI11: =VLOOKUP(AK11,POINTS_TABLE!$D$21:$E$24,2,FALSE) -> 23.021268 | BJ11: =VLOOKUP(AL11,POINTS_TABLE!$D$25:$E$27,2,FALSE) -> 1.0638736 | BK11: =VLOOKUP(AM11,POINTS_TABLE!$D$28:$E$33,2,FALSE) -> 16.599345 | BL11: =VLOOKUP(AN11,POINTS_TABLE!$D$34:$E$37,2,FALSE) -> 7.4046822 | BM11: =VLOOKUP(AO11,POINTS_TABLE!$D$38:$E$41,2,FALSE) -> 12.409006 | BN11: =VLOOKUP(AP11,POINTS_TABLE!$D$42:$E$44,2,FALSE) -> 10.306836 | BO11: =VLOOKUP(AQ11,POINTS_TABLE!$D$45:$E$48,2,FALSE) -> 2.6738284 | BP11: =VLOOKUP(AR11,POINTS_TABLE!$D$49:$E$50,2,FALSE) -> -3.4375704 | BQ11: =VLOOKUP(AS11,POINTS_TABLE!$D$51:$E$52,2,FALSE) -> -3.8353326 | BR11: =ROUND(SCORECARD_SCALLING!$C$6-SUM(BF11:BQ11)-TRAIN_SUMMARY!$C$2*SCORECARD_SCALLING!$C$5,0) -> 418 | BS11: =IF(BR11>=580,"Accept",IF(AND(BR11>=500,BR11<580),"Manual review","Reject")) -> Reject | BT11: =IF(BS11="Reject",1,IF(BS11="Manual review",2,3)) -> 1
A12: 0<=X<200 | B12: 12 | C12: no credits/all paid | D12: furniture/equipment | E12: 2969 | F12: <100 | G12: <1 | H12: 4 | I12: female div/dep/mar | J12: none | K12: 3 | L12: life insurance | M12: 25 | N12: none | O12: rent | P12: 2 | Q12: skilled | R12: 1 | S12: none | T12: yes | U12: 1 | V12: =_xlfn.XLOOKUP(B12,Binning_WOE_IV!$C$2:$C$6,Binning_WOE_IV!$I$2:$I$6,"not found",-1) -> 0.070953437 | W12: =_xlfn.XLOOKUP(E12,Binning_WOE_IV!$C$7:$C$12,Binning_WOE_IV!$I$7:$I$12,"not found",-1) -> 0.12361396 | X12: =_xlfn.XLOOKUP(M12,Binning_WOE_IV!$C$13:$C$18,Binning_WOE_IV!$I$13:$I$18,"not found",-1) -> -0.40221483 | Y12: =_xlfn.XLOOKUP(A12,Binning_WOE_IV!$B$32:$B$35,Binning_WOE_IV!$G$32:$G$35,"not found",0) -> -0.4555709 | Z12: =_xlfn.XLOOKUP(_xlfn.XLOOKUP(C12,Binning_WOE_IV!$AF$2:$AF$6,Binning_WOE_IV!$AG$2:$AG$6,"not found",0),Binning_WOE_IV!$R$36:$R$38,Binning_WOE_IV!$G$36:$G$38,"not found",0) -> -1.2442938 | AA12: {=_xlfn.SWITCH(D12,"radio/tv",Binning_WOE_IV!$G$39,"other",Binning_WOE_IV!$G$39,"education",Binning_WOE_IV!$G$40,"retraining",Binning_WOE_IV!$G$40,"furniture/equipment",Binning_WOE_IV!$G$41,"domestic appliance",Binning_WOE_IV!$G$41,"new car",Binning_WOE_IV!$G$42,"used car",Binning_WOE_IV!$G$43,"repairs",Binning_WOE_IV!$G$43,"business",Binning_WOE_IV!$G$44,"not found")} -> -0.057184781 | AB12: =_xlfn.LET(_xlpm.b,_xlfn.XLOOKUP(F12,Binning_WOE_IV!$AJ$2:$AJ$6,Binning_WOE_IV!$AK$2:$AK$6,"not found",0),IF(_xlpm.b="bin1",_xlfn.XLOOKUP(_xlpm.b,Binning_WOE_IV!$R$45:$R$48,Binning_WOE_IV!$G$45:$G$48,"not found",0),_xlfn.XLOOKUP(_xlpm.b,Binning_WOE_IV!$R$45:$R$48,Binning_WOE_IV!$G$45:$G$48,"not found",0))) -> -0.23980372 | AC12: =_xlfn.LET(_xlpm.b,_xlfn.XLOOKUP(G12,Binning_WOE_IV!$AL$2:$AL$6,Binning_WOE_IV!$AM$2:$AM$6,"not found",0),IF(_xlpm.b="bin1",_xlfn.XLOOKUP(_xlpm.b,Binning_WOE_IV!$R$49:$R$52,Binning_WOE_IV!$G$49:$G$52,"not found",0),_xlfn.XLOOKUP(_xlpm.b,Binning_WOE_IV!$R$49:$R$52,Binning_WOE_IV!$G$49:$G$52,"not found",0))) -> -0.49142736 | AD12: =_xlfn.XLOOKUP(_xlfn.XLOOKUP(I12,Binning_WOE_IV!$AN$2:$AN$5,Binning_WOE_IV!$AO$2:$AO$5,"not found",0),Binning_WOE_IV!$R$53:$R$55,Binning_WOE_IV!$G$53:$G$55,"not found",0) -> -0.20099342 | AE12: =_xlfn.LET(_xlpm.b,_xlfn.XLOOKUP(L12,Binning_WOE_IV!$AQ$2:$AQ$5,Binning_WOE_IV!$AR$2:$AR$5,"not found",0),IF(_xlpm.b="bin4",_xlfn.XLOOKUP(_xlpm.b,Binning_WOE_IV!$R$58:$R$61,Binning_WOE_IV!$G$58:$G$61,"not found",0),_xlfn.XLOOKUP(_xlpm.b,Binning_WOE_IV!$R$58:$R$61,Binning_WOE_IV!$G$58:$G$61,"not found",0))) -> 0.033786998 | AF12: =_xlfn.XLOOKUP(_xlfn.XLOOKUP(N12,Binning_WOE_IV!$AS$2:$AS$4,Binning_WOE_IV!$AT$2:$AT$4,"not found",0),Binning_WOE_IV!$R$62:$R$63,Binning_WOE_IV!$G$62:$G$63,"not found",0) -> 0.12957806 | AG12: =_xlfn.XLOOKUP(_xlfn.XLOOKUP(O12,Binning_WOE_IV!$AU$2:$AU$4,Binning_WOE_IV!$AV$2:$AV$4,"not found",0),Binning_WOE_IV!$R$64:$R$65,Binning_WOE_IV!$G$64:$G$65,"not found",0) -> -0.49192724 | AH12: =V12*TEST_SUMMARY!$C$3 -> -0.055952499 | AI12: =W12*TEST_SUMMARY!$C$4 -> -0.061692557 | AJ12: =X12*TEST_SUMMARY!$C$5 -> 0.25616503 | AK12: =Y12*TEST_SUMMARY!$C$6 -> 0.3570927 | AL12: =Z12*TEST_SUMMARY!$C$7 -> 0.68384 | AM12: =AA12*TEST_SUMMARY!$C$8 -> 0.059194074 | AN12: =AB12*TEST_SUMMARY!$C$9 -> 0.17108449 | AO12: =AC12*TEST_SUMMARY!$C$10 -> 0.28670892 | AP12: =AD12*TEST_SUMMARY!$C$11 -> 0.23813847 | AQ12: =AE12*TEST_SUMMARY!$C$12 -> -0.018327249 | AR12: =AF12*TEST_SUMMARY!$C$13 -> -0.079424742 | AS12: =AG12*TEST_SUMMARY!$C$14 -> 0.186008 | AT12: =TEST_SUMMARY!$C$2+SUM(AH12:AS12) -> 1.2014338 | AU12: =1/(1+EXP(-AT12)) -> 0.76877975 | AV12: =-((U12*LN(AU12))+(1-U12)*LN(1-AU12)) -> 0.26295076 | AW12: =IF(U12=0,1,0) -> 0 | AX12: =IF(U12=1,1,0) -> 1 | AY12: =AW12+AY11 -> 3 | AZ12: =AX12+AZ11 -> 8 | BA12: =AY12/SUM($AW$2:$AW$301) -> 0.013953488 | BB12: =AZ12/SUM($AX$2:$AX$301) -> 0.094117647 | BC12: =ABS(BA12-BB12) -> 0.080164159 | BD12: =BB12 -> 0.094117647 | BE12: =BA12 -> 0.013953488 | BF12: =VLOOKUP(AH12,POINTS_TABLE!$D$2:$E$6,2,FALSE) -> -2.4216718 | BG12: =VLOOKUP(AI12,POINTS_TABLE!$D$7:$E$12,2,FALSE) -> -2.6701064 | BH12: =VLOOKUP(AJ12,POINTS_TABLE!$D$13:$E$18,2,FALSE) -> 11.087041 | BI12: =VLOOKUP(AK12,POINTS_TABLE!$D$21:$E$24,2,FALSE) -> 15.455276 | BJ12: =VLOOKUP(AL12,POINTS_TABLE!$D$25:$E$27,2,FALSE) -> 29.597177 | BK12: =VLOOKUP(AM12,POINTS_TABLE!$D$28:$E$33,2,FALSE) -> 2.5619699 | BL12: =VLOOKUP(AN12,POINTS_TABLE!$D$34:$E$37,2,FALSE) -> 7.4046822 | BM12: =VLOOKUP(AO12,POINTS_TABLE!$D$38:$E$41,2,FALSE) -> 12.409006 | BN12: =VLOOKUP(AP12,POINTS_TABLE!$D$42:$E$44,2,FALSE) -> 10.306836 | BO12: =VLOOKUP(AQ12,POINTS_TABLE!$D$45:$E$48,2,FALSE) -> -0.79321896 | BP12: =VLOOKUP(AR12,POINTS_TABLE!$D$49:$E$50,2,FALSE) -> -3.4375704 | BQ12: =VLOOKUP(AS12,POINTS_TABLE!$D$51:$E$52,2,FALSE) -> 8.0505844 | BR12: =ROUND(SCORECARD_SCALLING!$C$6-SUM(BF12:BQ12)-TRAIN_SUMMARY!$C$2*SCORECARD_SCALLING!$C$5,0) -> 418 | BS12: =IF(BR12>=580,"Accept",IF(AND(BR12>=500,BR12<580),"Manual review","Reject")) -> Reject | BT12: =IF(BS12="Reject",1,IF(BS12="Manual review",2,3)) -> 1
A13: 0<=X<200 | B13: 48 | C13: all paid | D13: business | E13: 3566 | F13: 100<=X<500 | G13: 4<=X<7 | H13: 4 | I13: male single | J13: none | K13: 2 | L13: car | M13: 30 | N13: none | O13: own | P13: 1 | Q13: skilled | R13: 1 | S13: none | T13: yes | U13: 0 | V13: =_xlfn.XLOOKUP(B13,Binning_WOE_IV!$C$2:$C$6,Binning_WOE_IV!$I$2:$I$6,"not found",-1) -> -0.94704226 | W13: =_xlfn.XLOOKUP(E13,Binning_WOE_IV!$C$7:$C$12,Binning_WOE_IV!$I$7:$I$12,"not found",-1) -> 0.043939369 | X13: =_xlfn.XLOOKUP(M13,Binning_WOE_IV!$C$13:$C$18,Binning_WOE_IV!$I$13:$I$18,"not found",-1) -> -0.090210644 | Y13: =_xlfn.XLOOKUP(A13,Binning_WOE_IV!$B$32:$B$35,Binning_WOE_IV!$G$32:$G$35,"not found",0) -> -0.4555709 | Z13: =_xlfn.XLOOKUP(_xlfn.XLOOKUP(C13,Binning_WOE_IV!$AF$2:$AF$6,Binning_WOE_IV!$AG$2:$AG$6,"not found",0),Binning_WOE_IV!$R$36:$R$38,Binning_WOE_IV!$G$36:$G$38,"not found",0) -> -1.2442938 | AA13: {=_xlfn.SWITCH(D13,"radio/tv",Binning_WOE_IV!$G$39,"other",Binning_WOE_IV!$G$39,"education",Binning_WOE_IV!$G$40,"retraining",Binning_WOE_IV!$G$40,"furniture/equipment",Binning_WOE_IV!$G$41,"domestic appliance",Binning_WOE_IV!$G$41,"new car",Binning_WOE_IV!$G$42,"used car",Binning_WOE_IV!$G$43,"repairs",Binning_WOE_IV!$G$43,"business",Binning_WOE_IV!$G$44,"not found")} -> -0.47176157 | AB13: =_xlfn.LET(_xlpm.b,_xlfn.XLOOKUP(F13,Binning_WOE_IV!$AJ$2:$AJ$6,Binning_WOE_IV!$AK$2:$AK$6,"not found",0),IF(_xlpm.b="bin1",_xlfn.XLOOKUP(_xlpm.b,Binning_WOE_IV!$R$45:$R$48,Binning_WOE_IV!$G$45:$G$48,"not found",0),_xlfn.XLOOKUP(_xlpm.b,Binning_WOE_IV!$R$45:$R$48,Binning_WOE_IV!$G$45:$G$48,"not found",0))) -> -0.26494491 | AC13: =_xlfn.LET(_xlpm.b,_xlfn.XLOOKUP(G13,Binning_WOE_IV!$AL$2:$AL$6,Binning_WOE_IV!$AM$2:$AM$6,"not found",0),IF(_xlpm.b="bin1",_xlfn.XLOOKUP(_xlpm.b,Binning_WOE_IV!$R$49:$R$52,Binning_WOE_IV!$G$49:$G$52,"not found",0),_xlfn.XLOOKUP(_xlpm.b,Binning_WOE_IV!$R$49:$R$52,Binning_WOE_IV!$G$49:$G$52,"not found",0))) -> 0.3165647 | AD13: =_xlfn.XLOOKUP(_xlfn.XLOOKUP(I13,Binning_WOE_IV!$AN$2:$AN$5,Binning_WOE_IV!$AO$2:$AO$5,"not found",0),Binning_WOE_IV!$R$53:$R$55,Binning_WOE_IV!$G$53:$G$55,"not found",0) -> 0.18111171 | AE13: =_xlfn.LET(_xlpm.b,_xlfn.XLOOKUP(L13,Binning_WOE_IV!$AQ$2:$AQ$5,Binning_WOE_IV!$AR$2:$AR$5,"not found",0),IF(_xlpm.b="bin4",_xlfn.XLOOKUP(_xlpm.b,Binning_WOE_IV!$R$58:$R$61,Binning_WOE_IV!$G$58:$G$61,"not found",0),_xlfn.XLOOKUP(_xlpm.b,Binning_WOE_IV!$R$58:$R$61,Binning_WOE_IV!$G$58:$G$61,"not found",0))) -> -0.11389117 | AF13: =_xlfn.XLOOKUP(_xlfn.XLOOKUP(N13,Binning_WOE_IV!$AS$2:$AS$4,Binning_WOE_IV!$AT$2:$AT$4,"not found",0),Binning_WOE_IV!$R$62:$R$63,Binning_WOE_IV!$G$62:$G$63,"not found",0) -> 0.12957806 | AG13: =_xlfn.XLOOKUP(_xlfn.XLOOKUP(O13,Binning_WOE_IV!$AU$2:$AU$4,Binning_WOE_IV!$AV$2:$AV$4,"not found",0),Binning_WOE_IV!$R$64:$R$65,Binning_WOE_IV!$G$64:$G$65,"not found",0) -> 0.23435623 | AH13: =V13*TEST_SUMMARY!$C$3 -> 0.74681908 | AI13: =W13*TEST_SUMMARY!$C$4 -> -0.021929013 | AJ13: =X13*TEST_SUMMARY!$C$5 -> 0.057453904 | AK13: =Y13*TEST_SUMMARY!$C$6 -> 0.3570927 | AL13: =Z13*TEST_SUMMARY!$C$7 -> 0.68384 | AM13: =AA13*TEST_SUMMARY!$C$8 -> 0.48833778 | AN13: =AB13*TEST_SUMMARY!$C$9 -> 0.1890211 | AO13: =AC13*TEST_SUMMARY!$C$10 -> -0.18469041 | AP13: =AD13*TEST_SUMMARY!$C$11 -> -0.21458248 | AQ13: =AE13*TEST_SUMMARY!$C$12 -> 0.061778554 | AR13: =AF13*TEST_SUMMARY!$C$13 -> -0.079424742 | AS13: =AG13*TEST_SUMMARY!$C$14 -> -0.088615 | AT13: =TEST_SUMMARY!$C$2+SUM(AH13:AS13) -> 1.1737007 | AU13: =1/(1+EXP(-AT13)) -> 0.76381328 | AV13: =-((U13*LN(AU13))+(1-U13)*LN(1-AU13)) -> 1.4431326 | AW13: =IF(U13=0,1,0) -> 1 | AX13: =IF(U13=1,1,0) -> 0 | AY13: =AW13+AY12 -> 4 | AZ13: =AX13+AZ12 -> 8 | BA13: =AY13/SUM($AW$2:$AW$301) -> 0.018604651 | BB13: =AZ13/SUM($AX$2:$AX$301) -> 0.094117647 | BC13: =ABS(BA13-BB13) -> 0.075512996 | BD13: =BB13 -> 0.094117647 | BE13: =BA13 -> 0.018604651 | BF13: =VLOOKUP(AH13,POINTS_TABLE!$D$2:$E$6,2,FALSE) -> 32.322965 | BG13: =VLOOKUP(AI13,POINTS_TABLE!$D$7:$E$12,2,FALSE) -> -0.94910635 | BH13: =VLOOKUP(AJ13,POINTS_TABLE!$D$13:$E$18,2,FALSE) -> 2.4866539 | BI13: =VLOOKUP(AK13,POINTS_TABLE!$D$21:$E$24,2,FALSE) -> 15.455276 | BJ13: =VLOOKUP(AL13,POINTS_TABLE!$D$25:$E$27,2,FALSE) -> 29.597177 | BK13: =VLOOKUP(AM13,POINTS_TABLE!$D$28:$E$33,2,FALSE) -> 21.135675 | BL13: =VLOOKUP(AN13,POINTS_TABLE!$D$34:$E$37,2,FALSE) -> 8.1809943 | BM13: =VLOOKUP(AO13,POINTS_TABLE!$D$38:$E$41,2,FALSE) -> -7.9935582 | BN13: =VLOOKUP(AP13,POINTS_TABLE!$D$42:$E$44,2,FALSE) -> -9.2873124 | BO13: =VLOOKUP(AQ13,POINTS_TABLE!$D$45:$E$48,2,FALSE) -> 2.6738284 | BP13: =VLOOKUP(AR13,POINTS_TABLE!$D$49:$E$50,2,FALSE) -> -3.4375704 | BQ13: =VLOOKUP(AS13,POINTS_TABLE!$D$51:$E$52,2,FALSE) -> -3.8353326 | BR13: =ROUND(SCORECARD_SCALLING!$C$6-SUM(BF13:BQ13)-TRAIN_SUMMARY!$C$2*SCORECARD_SCALLING!$C$5,0) -> 420 | BS13: =IF(BR13>=580,"Accept",IF(AND(BR13>=500,BR13<580),"Manual review","Reject")) -> Reject | BT13: =IF(BS13="Reject",1,IF(BS13="Manual review",2,3)) -> 1
A14: <0 | B14: 36 | C14: existing paid | D14: new car | E14: 9271 | F14: <100 | G14: 4<=X<7 | H14: 2 | I14: male single | J14: none | K14: 1 | L14: car | M14: 24 | N14: none | O14: own | P14: 1 | Q14: skilled | R14: 1 | S14: yes | T14: yes | U14: 1 | V14: =_xlfn.XLOOKUP(B14,Binning_WOE_IV!$C$2:$C$6,Binning_WOE_IV!$I$2:$I$6,"not found",-1) -> -0.67243226 | W14: =_xlfn.XLOOKUP(E14,Binning_WOE_IV!$C$7:$C$12,Binning_WOE_IV!$I$7:$I$12,"not found",-1) -> -0.98786425 | X14: =_xlfn.XLOOKUP(M14,Binning_WOE_IV!$C$13:$C$18,Binning_WOE_IV!$I$13:$I$18,"not found",-1) -> -0.40221483 | Y14: =_xlfn.XLOOKUP(A14,Binning_WOE_IV!$B$32:$B$35,Binning_WOE_IV!$G$32:$G$35,"not found",0) -> -0.67859154 | Z14: =_xlfn.XLOOKUP(_xlfn.XLOOKUP(C14,Binning_WOE_IV!$AF$2:$AF$6,Binning_WOE_IV!$AG$2:$AG$6,"not found",0),Binning_WOE_IV!$R$36:$R$38,Binning_WOE_IV!$G$36:$G$38,"not found",0) -> -0.044726268 | AA14: {=_xlfn.SWITCH(D14,"radio/tv",Binning_WOE_IV!$G$39,"other",Binning_WOE_IV!$G$39,"education",Binning_WOE_IV!$G$40,"retraining",Binning_WOE_IV!$G$40,"furniture/equipment",Binning_WOE_IV!$G$41,"domestic appliance",Binning_WOE_IV!$G$41,"new car",Binning_WOE_IV!$G$42,"used car",Binning_WOE_IV!$G$43,"repairs",Binning_WOE_IV!$G$43,"business",Binning_WOE_IV!$G$44,"not found")} -> -0.37050784 | AB14: =_xlfn.LET(_xlpm.b,_xlfn.XLOOKUP(F14,Binning_WOE_IV!$AJ$2:$AJ$6,Binning_WOE_IV!$AK$2:$AK$6,"not found",0),IF(_xlpm.b="bin1",_xlfn.XLOOKUP(_xlpm.b,Binning_WOE_IV!$R$45:$R$48,Binning_WOE_IV!$G$45:$G$48,"not found",0),_xlfn.XLOOKUP(_xlpm.b,Binning_WOE_IV!$R$45:$R$48,Binning_WOE_IV!$G$45:$G$48,"not found",0))) -> -0.23980372 | AC14: =_xlfn.LET(_xlpm.b,_xlfn.XLOOKUP(G14,Binning_WOE_IV!$AL$2:$AL$6,Binning_WOE_IV!$AM$2:$AM$6,"not found",0),IF(_xlpm.b="bin1",_xlfn.XLOOKUP(_xlpm.b,Binning_WOE_IV!$R$49:$R$52,Binning_WOE_IV!$G$49:$G$52,"not found",0),_xlfn.XLOOKUP(_xlpm.b,Binning_WOE_IV!$R$49:$R$52,Binning_WOE_IV!$G$49:$G$52,"not found",0))) -> 0.3165647 | AD14: =_xlfn.XLOOKUP(_xlfn.XLOOKUP(I14,Binning_WOE_IV!$AN$2:$AN$5,Binning_WOE_IV!$AO$2:$AO$5,"not found",0),Binning_WOE_IV!$R$53:$R$55,Binning_WOE_IV!$G$53:$G$55,"not found",0) -> 0.18111171 | AE14: =_xlfn.LET(_xlpm.b,_xlfn.XLOOKUP(L14,Binning_WOE_IV!$AQ$2:$AQ$5,Binning_WOE_IV!$AR$2:$AR$5,"not found",0),IF(_xlpm.b="bin4",_xlfn.XLOOKUP(_xlpm.b,Binning_WOE_IV!$R$58:$R$61,Binning_WOE_IV!$G$58:$G$61,"not found",0),_xlfn.XLOOKUP(_xlpm.b,Binning_WOE_IV!$R$58:$R$61,Binning_WOE_IV!$G$58:$G$61,"not found",0))) -> -0.11389117 | AF14: =_xlfn.XLOOKUP(_xlfn.XLOOKUP(N14,Binning_WOE_IV!$AS$2:$AS$4,Binning_WOE_IV!$AT$2:$AT$4,"not found",0),Binning_WOE_IV!$R$62:$R$63,Binning_WOE_IV!$G$62:$G$63,"not found",0) -> 0.12957806 | AG14: =_xlfn.XLOOKUP(_xlfn.XLOOKUP(O14,Binning_WOE_IV!$AU$2:$AU$4,Binning_WOE_IV!$AV$2:$AV$4,"not found",0),Binning_WOE_IV!$R$64:$R$65,Binning_WOE_IV!$G$64:$G$65,"not found",0) -> 0.23435623 | AH14: =V14*TEST_SUMMARY!$C$3 -> 0.53026699 | AI14: =W14*TEST_SUMMARY!$C$4 -> 0.49301773 | AJ14: =X14*TEST_SUMMARY!$C$5 -> 0.25616503 | AK14: =Y14*TEST_SUMMARY!$C$6 -> 0.53190423 | AL14: =Z14*TEST_SUMMARY!$C$7 -> 0.024580699 | AM14: =AA14*TEST_SUMMARY!$C$8 -> 0.38352631 | AN14: =AB14*TEST_SUMMARY!$C$9 -> 0.17108449 | AO14: =AC14*TEST_SUMMARY!$C$10 -> -0.18469041 | AP14: =AD14*TEST_SUMMARY!$C$11 -> -0.21458248 | AQ14: =AE14*TEST_SUMMARY!$C$12 -> 0.061778554 | AR14: =AF14*TEST_SUMMARY!$C$13 -> -0.079424742 | AS14: =AG14*TEST_SUMMARY!$C$14 -> -0.088615 | AT14: =TEST_SUMMARY!$C$2+SUM(AH14:AS14) -> 1.0636106 | AU14: =1/(1+EXP(-AT14)) -> 0.74337993 | AV14: =-((U14*LN(AU14))+(1-U14)*LN(1-AU14)) -> 0.29654802 | AW14: =IF(U14=0,1,0) -> 0 | AX14: =IF(U14=1,1,0) -> 1 | AY14: =AW14+AY13 -> 4 | AZ14: =AX14+AZ13 -> 9 | BA14: =AY14/SUM($AW$2:$AW$301) -> 0.018604651 | BB14: =AZ14/SUM($AX$2:$AX$301) -> 0.10588235 | BC14: =ABS(BA14-BB14) -> 0.087277702 | BD14: =BB14 -> 0.10588235 | BE14: =BA14 -> 0.018604651 | BF14: =VLOOKUP(AH14,POINTS_TABLE!$D$2:$E$6,2,FALSE) -> 22.950407 | BG14: =VLOOKUP(AI14,POINTS_TABLE!$D$7:$E$12,2,FALSE) -> 21.338227 | BH14: =VLOOKUP(AJ14,POINTS_TABLE!$D$13:$E$18,2,FALSE) -> 11.087041 | BI14: =VLOOKUP(AK14,POINTS_TABLE!$D$21:$E$24,2,FALSE) -> 23.021268 | BJ14: =VLOOKUP(AL14,POINTS_TABLE!$D$25:$E$27,2,FALSE) -> 1.0638736 | BK14: =VLOOKUP(AM14,POINTS_TABLE!$D$28:$E$33,2,FALSE) -> 16.599345 | BL14: =VLOOKUP(AN14,POINTS_TABLE!$D$34:$E$37,2,FALSE) -> 7.4046822 | BM14: =VLOOKUP(AO14,POINTS_TABLE!$D$38:$E$41,2,FALSE) -> -7.9935582 | BN14: =VLOOKUP(AP14,POINTS_TABLE!$D$42:$E$44,2,FALSE) -> -9.2873124 | BO14: =VLOOKUP(AQ14,POINTS_TABLE!$D$45:$E$48,2,FALSE) -> 2.6738284 | BP14: =VLOOKUP(AR14,POINTS_TABLE!$D$49:$E$50,2,FALSE) -> -3.4375704 | BQ14: =VLOOKUP(AS14,POINTS_TABLE!$D$51:$E$52,2,FALSE) -> -3.8353326 | BR14: =ROUND(SCORECARD_SCALLING!$C$6-SUM(BF14:BQ14)-TRAIN_SUMMARY!$C$2*SCORECARD_SCALLING!$C$5,0) -> 424 | BS14: =IF(BR14>=580,"Accept",IF(AND(BR14>=500,BR14<580),"Manual review","Reject")) -> Reject | BT14: =IF(BS14="Reject",1,IF(BS14="Manual review",2,3)) -> 1
... A301: no checking | B301: 6 | C301: critical/other existing credit | D301: radio/tv | E301: 1898 | F301: no known savings | G301: 1<=X<4 | H301: 1 | I301: male single | J301: none | K301: 2 | L301: real estate | M301: 34 | N301: none | O301: own | P301: 2 | Q301: unskilled resident | R301: 2 | S301: none | T301: yes | U301: 0 | V301: =_xlfn.XLOOKUP(B301,Binning_WOE_IV!$C$2:$C$6,Binning_WOE_IV!$I$2:$I$6,"not found",-1) -> 1.0146163 | W301: =_xlfn.XLOOKUP(E301,Binning_WOE_IV!$C$7:$C$12,Binning_WOE_IV!$I$7:$I$12,"not found",-1) -> 0.16104878 | X301: =_xlfn.XLOOKUP(M301,Binning_WOE_IV!$C$13:$C$18,Binning_WOE_IV!$I$13:$I$18,"not found",-1) -> -0.090210644 | Y301: =_xlfn.XLOOKUP(A301,Binning_WOE_IV!$B$32:$B$35,Binning_WOE_IV!$G$32:$G$35,"not found",0) -> 1.1281888 | Z301: =_xlfn.XLOOKUP(_xlfn.XLOOKUP(C301,Binning_WOE_IV!$AF$2:$AF$6,Binning_WOE_IV!$AG$2:$AG$6,"not found",0),Binning_WOE_IV!$R$36:$R$38,Binning_WOE_IV!$G$36:$G$38,"not found",0) -> 0.68738688 | AA301: {=_xlfn.SWITCH(D301,"radio/tv",Binning_WOE_IV!$G$39,"other",Binning_WOE_IV!$G$39,"education",Binning_WOE_IV!$G$40,"retraining",Binning_WOE_IV!$G$40,"furniture/equipment",Binning_WOE_IV!$G$41,"domestic appliance",Binning_WOE_IV!$G$41,"new car",Binning_WOE_IV!$G$42,"used car",Binning_WOE_IV!$G$43,"repairs",Binning_WOE_IV!$G$43,"business",Binning_WOE_IV!$G$44,"not found")} -> 0.42044277 | AB301: =_xlfn.LET(_xlpm.b,_xlfn.XLOOKUP(F301,Binning_WOE_IV!$AJ$2:$AJ$6,Binning_WOE_IV!$AK$2:$AK$6,"not found",0),IF(_xlpm.b="bin1",_xlfn.XLOOKUP(_xlpm.b,Binning_WOE_IV!$R$45:$R$48,Binning_WOE_IV!$G$45:$G$48,"not found",0),_xlfn.XLOOKUP(_xlpm.b,Binning_WOE_IV!$R$45:$R$48,Binning_WOE_IV!$G$45:$G$48,"not found",0))) -> 0.69538582 | AC301: =_xlfn.LET(_xlpm.b,_xlfn.XLOOKUP(G301,Binning_WOE_IV!$AL$2:$AL$6,Binning_WOE_IV!$AM$2:$AM$6,"not found",0),IF(_xlpm.b="bin1",_xlfn.XLOOKUP(_xlpm.b,Binning_WOE_IV!$R$49:$R$52,Binning_WOE_IV!$G$49:$G$52,"not found",0),_xlfn.XLOOKUP(_xlpm.b,Binning_WOE_IV!$R$49:$R$52,Binning_WOE_IV!$G$49:$G$52,"not found",0))) -> -0.082142469 | AD301: =_xlfn.XLOOKUP(_xlfn.XLOOKUP(I301,Binning_WOE_IV!$AN$2:$AN$5,Binning_WOE_IV!$AO$2:$AO$5,"not found",0),Binning_WOE_IV!$R$53:$R$55,Binning_WOE_IV!$G$53:$G$55,"not found",0) -> 0.18111171 | AE301: =_xlfn.LET(_xlpm.b,_xlfn.XLOOKUP(L301,Binning_WOE_IV!$AQ$2:$AQ$5,Binning_WOE_IV!$AR$2:$AR$5,"not found",0),IF(_xlpm.b="bin4",_xlfn.XLOOKUP(_xlpm.b,Binning_WOE_IV!$R$58:$R$61,Binning_WOE_IV!$G$58:$G$61,"not found",0),_xlfn.XLOOKUP(_xlpm.b,Binning_WOE_IV!$R$58:$R$61,Binning_WOE_IV!$G$58:$G$61,"not found",0))) -> 0.51634219 | AF301: =_xlfn.XLOOKUP(_xlfn.XLOOKUP(N301,Binning_WOE_IV!$AS$2:$AS$4,Binning_WOE_IV!$AT$2:$AT$4,"not found",0),Binning_WOE_IV!$R$62:$R$63,Binning_WOE_IV!$G$62:$G$63,"not found",0) -> 0.12957806 | AG301: =_xlfn.XLOOKUP(_xlfn.XLOOKUP(O301,Binning_WOE_IV!$AU$2:$AU$4,Binning_WOE_IV!$AV$2:$AV$4,"not found",0),Binning_WOE_IV!$R$64:$R$65,Binning_WOE_IV!$G$64:$G$65,"not found",0) -> 0.23435623 | AH301: =V301*TEST_SUMMARY!$C$3 -> -0.80010662 | AI301: =W301*TEST_SUMMARY!$C$4 -> -0.080375317 | AJ301: =X301*TEST_SUMMARY!$C$5 -> 0.057453904 | AK301: =Y301*TEST_SUMMARY!$C$6 -> -0.88431454 | AL301: =Z301*TEST_SUMMARY!$C$7 -> -0.37777465 | AM301: =AA301*TEST_SUMMARY!$C$8 -> -0.43521581 | AN301: =AB301*TEST_SUMMARY!$C$9 -> -0.49611293 | AO301: =AC301*TEST_SUMMARY!$C$10 -> 0.047923621 | AP301: =AD301*TEST_SUMMARY!$C$11 -> -0.21458248 | AQ301: =AE301*TEST_SUMMARY!$C$12 -> -0.28008207 | AR301: =AF301*TEST_SUMMARY!$C$13 -> -0.079424742 | AS301: =AG301*TEST_SUMMARY!$C$14 -> -0.088615 | AT301: =TEST_SUMMARY!$C$2+SUM(AH301:AS301) -> -4.4526274 | AU301: =1/(1+EXP(-AT301)) -> 0.011513811 | AV301: =-((U301*LN(AU301))+(1-U301)*LN(1-AU301)) -> 0.011580608 | AW301: =IF(U301=0,1,0) -> 1 | AX301: =IF(U301=1,1,0) -> 0 | AY301: =AW301+AY300 -> 215 | AZ301: =AX301+AZ300 -> 85 | BA301: =AY301/SUM($AW$2:$AW$301) -> 1 | BB301: =AZ301/SUM($AX$2:$AX$301) -> 1 | BC301: =ABS(BA301-BB301) -> 0 | BD301: =BB301 -> 1 | BE301: =BA301 -> 1 | BF301: =VLOOKUP(AH301,POINTS_TABLE!$D$2:$E$6,2,FALSE) -> -34.629295 | BG301: =VLOOKUP(AI301,POINTS_TABLE!$D$7:$E$12,2,FALSE) -> -3.4787121 | BH301: =VLOOKUP(AJ301,POINTS_TABLE!$D$13:$E$18,2,FALSE) -> 2.4866539 | BI301: =VLOOKUP(AK301,POINTS_TABLE!$D$21:$E$24,2,FALSE) -> -38.273886 | BJ301: =VLOOKUP(AL301,POINTS_TABLE!$D$25:$E$27,2,FALSE) -> -16.350408 | BK301: =VLOOKUP(AM301,POINTS_TABLE!$D$28:$E$33,2,FALSE) -> -18.836511 | BL301: =VLOOKUP(AN301,POINTS_TABLE!$D$34:$E$37,2,FALSE) -> -21.47219 | BM301: =VLOOKUP(AO301,POINTS_TABLE!$D$38:$E$41,2,FALSE) -> 2.0741751 | BN301: =VLOOKUP(AP301,POINTS_TABLE!$D$42:$E$44,2,FALSE) -> -9.2873124 | BO301: =VLOOKUP(AQ301,POINTS_TABLE!$D$45:$E$48,2,FALSE) -> -12.12219 | BP301: =VLOOKUP(AR301,POINTS_TABLE!$D$49:$E$50,2,FALSE) -> -3.4375704 | BQ301: =VLOOKUP(AS301,POINTS_TABLE!$D$51:$E$52,2,FALSE) -> -3.8353326 | BR301: =ROUND(SCORECARD_SCALLING!$C$6-SUM(BF301:BQ301)-TRAIN_SUMMARY!$C$2*SCORECARD_SCALLING!$C$5,0) -> 663 | BS301: =IF(BR301>=580,"Accept",IF(AND(BR301>=500,BR301<580),"Manual review","Reject")) -> Accept | BT301: =IF(BS301="Reject",1,IF(BS301="Manual review",2,3)) -> 3

Sheet TEST_AUC
A1: TPR | B1: FPR | C1: AUC_piece
A2: 0 | B2: 0 | C2: =(B3-B2)*((A3+A2)/2) -> 0
A3: 0.011764706 | B3: 0 | C3: =(B4-B3)*((A4+A3)/2) -> 0
A4: 0.023529412 | B4: 0 | C4: =(B5-B4)*((A5+A4)/2) -> 0
A5: 0.035294118 | B5: 0 | C5: =(B6-B5)*((A6+A5)/2) -> 0
A6: 0.047058824 | B6: 0 | C6: =(B7-B6)*((A7+A6)/2) -> 0
A7: 0.058823529 | B7: 0 | C7: =(B8-B7)*((A8+A7)/2) -> 0
A8: 0.070588235 | B8: 0 | C8: =(B9-B8)*((A9+A8)/2) -> 0.00032831737
A9: 0.070588235 | B9: 0.0046511628 | C9: =(B10-B9)*((A10+A9)/2) -> 0.00032831737
A10: 0.070588235 | B10: 0.0093023256 | C10: =(B11-B10)*((A11+A10)/2) -> 0.00032831737
A11: 0.070588235 | B11: 0.013953488 | C11: =(B12-B11)*((A12+A11)/2) -> 0
A12: 0.082352941 | B12: 0.013953488 | C12: =(B13-B12)*((A13+A12)/2) -> 0
A13: 0.094117647 | B13: 0.013953488 | C13: =(B14-B13)*((A14+A13)/2) -> 0.0004377565
... A302: 1 | B302: 1 | C302: =(B303-B302)*((A303+A302)/2) -> 0
A303: 1 | B303: 1

Sheet TEST_SUMMARY
F1: Model performance summary
A2: intercept | B2: β0 | C2: -0.82140081 | F2: LL SUM | G2: =SUM(TEST_DATA!AV2:AV301) -> 139.38152
A3: duration | B3: β1 | C3: -0.78858052
A4: credit_amount | B4: β2 | C4: -0.49907437 | F4: PD GOOD AVG | G4: =AVERAGEIF(TEST_DATA!U2:U301,0,TEST_DATA!AU2:AU301) -> 0.23777046
A5: age | B5: β3 | C5: -0.63688608 | F5: PD BAD AVG | G5: =AVERAGEIF(TEST_DATA!U2:U301,1,TEST_DATA!AU2:AU301) -> 0.48657933
A6: checking_status | B6: β4 | C6: -0.78383563 | F6: PD GOOD MEDIAN | G6: {=MEDIAN(_xlfn._xlws.FILTER(TEST_DATA!AU2:AU301,TEST_DATA!U2:U301=0))} -> 0.16271425
A7: credit_history | B7: β5 | C7: -0.54958083 | F7: PD BAD MEDIAN | G7: {=MEDIAN(_xlfn._xlws.FILTER(TEST_DATA!AU2:AU301,TEST_DATA!U2:U301=1))} -> 0.49429103
A8: purpose | B8: β6 | C8: -1.0351368
A9: savings_status | B9: β7 | C9: -0.7134355
A10: employment | B10: β8 | C10: -0.58342075 | F10: KS | G10: =MAX(TEST_DATA!BC2:BC301) -> 0.54035568
A11: personal_status | B11: β9 | C11: -1.1848073 | F11: AUC | G11: =SUM(TEST_AUC!C2:C302) -> 0.81548564
A12: property_magnitude | B12: β10 | C12: -0.54243498 | F12: GINI | G12: =(2*G11)-1 -> 0.63097127
A13: other_payments_plans | B13: β11 | C13: -0.61294899
A14: housing | B14: β12 | C14: -0.37812095

Sheet TEST_Histogram
A1: GOOD | B1: BAD | D1: Score bin | E1: GOOD | F1: BAD | G1: PD | H1: Decision
A2: 408 | B2: 387 | D2: 360-379 | E2: =COUNTIFS($A$2:$A$216,">=360",$A$2:$A$216,"<380") -> 0 | F2: =COUNTIFS($B$2:$B$86,">=360",$B$2:$B$86,"<380") -> 0 | G2: =IF(E2+F2=0,"",F2/(E2+F2)) | H2: =IF(G2="","",IF(G2<0.1,"Accept",IF(AND(G2>=0.1,G2<=0.3),"Manual review","Reject")))
A3: 408 | B3: 393 | D3: 380-399 | E3: =COUNTIFS($A$2:$A$216,">=380",$A$2:$A$216,"<400") -> 0 | F3: =COUNTIFS($B$2:$B$86,">=380",$B$2:$B$86,"<400") -> 3 | G3: =IF(E3+F3=0,"",F3/(E3+F3)) -> 1 | H3: =IF(G3="","",IF(G3<0.1,"Accept",IF(AND(G3>=0.1,G3<=0.3),"Manual review","Reject"))) -> Reject
A4: 413 | B4: 398 | D4: 400-419 | E4: =COUNTIFS($A$2:$A$216,">=400",$A$2:$A$216,"<420") -> 3 | F4: =COUNTIFS($B$2:$B$86,">=400",$B$2:$B$86,"<420") -> 5 | G4: =IF(E4+F4=0,"",F4/(E4+F4)) -> 0.625 | H4: =IF(G4="","",IF(G4<0.1,"Accept",IF(AND(G4>=0.1,G4<=0.3),"Manual review","Reject"))) -> Reject
A5: 420 | B5: 404 | D5: 420-439 | E5: =COUNTIFS($A$2:$A$216,">=420",$A$2:$A$216,"<440") -> 5 | F5: =COUNTIFS($B$2:$B$86,">=420",$B$2:$B$86,"<440") -> 8 | G5: =IF(E5+F5=0,"",F5/(E5+F5)) -> 0.61538462 | H5: =IF(G5="","",IF(G5<0.1,"Accept",IF(AND(G5>=0.1,G5<=0.3),"Manual review","Reject"))) -> Reject
A6: 428 | B6: 404 | D6: 440-459 | E6: =COUNTIFS($A$2:$A$216,">=440",$A$2:$A$216,"<460") -> 10 | F6: =COUNTIFS($B$2:$B$86,">=440",$B$2:$B$86,"<460") -> 13 | G6: =IF(E6+F6=0,"",F6/(E6+F6)) -> 0.56521739 | H6: =IF(G6="","",IF(G6<0.1,"Accept",IF(AND(G6>=0.1,G6<=0.3),"Manual review","Reject"))) -> Reject
A7: 428 | B7: 405 | D7: 460-479 | E7: =COUNTIFS($A$2:$A$216,">=460",$A$2:$A$216,"<480") -> 18 | F7: =COUNTIFS($B$2:$B$86,">=460",$B$2:$B$86,"<480") -> 21 | G7: =IF(E7+F7=0,"",F7/(E7+F7)) -> 0.53846154 | H7: =IF(G7="","",IF(G7<0.1,"Accept",IF(AND(G7>=0.1,G7<=0.3),"Manual review","Reject"))) -> Reject
A8: 431 | B8: 418 | D8: 480-499 | E8: =COUNTIFS($A$2:$A$216,">=480",$A$2:$A$216,"<500") -> 19 | F8: =COUNTIFS($B$2:$B$86,">=480",$B$2:$B$86,"<500") -> 14 | G8: =IF(E8+F8=0,"",F8/(E8+F8)) -> 0.42424242 | H8: =IF(G8="","",IF(G8<0.1,"Accept",IF(AND(G8>=0.1,G8<=0.3),"Manual review","Reject"))) -> Reject
A9: 432 | B9: 418 | D9: 500-519 | E9: =COUNTIFS($A$2:$A$216,">=500",$A$2:$A$216,"<520") -> 24 | F9: =COUNTIFS($B$2:$B$86,">=500",$B$2:$B$86,"<520") -> 10 | G9: =IF(E9+F9=0,"",F9/(E9+F9)) -> 0.29411765 | H9: =IF(G9="","",IF(G9<0.1,"Accept",IF(AND(G9>=0.1,G9<=0.3),"Manual review","Reject"))) -> Manual review
A10: 440 | B10: 424 | D10: 520-539 | E10: =COUNTIFS($A$2:$A$216,">=520",$A$2:$A$216,"<540") -> 26 | F10: =COUNTIFS($B$2:$B$86,">=520",$B$2:$B$86,"<540") -> 5 | G10: =IF(E10+F10=0,"",F10/(E10+F10)) -> 0.16129032 | H10: =IF(G10="","",IF(G10<0.1,"Accept",IF(AND(G10>=0.1,G10<=0.3),"Manual review","Reject"))) -> Manual review
A11: 440 | B11: 426 | D11: 540-559 | E11: =COUNTIFS($A$2:$A$216,">=540",$A$2:$A$216,"<560") -> 38 | F11: =COUNTIFS($B$2:$B$86,">=540",$B$2:$B$86,"<560") -> 4 | G11: =IF(E11+F11=0,"",F11/(E11+F11)) -> 0.095238095 | H11: =IF(G11="","",IF(G11<0.1,"Accept",IF(AND(G11>=0.1,G11<=0.3),"Manual review","Reject"))) -> Accept
A12: 441 | B12: 426 | D12: 560-579 | E12: =COUNTIFS($A$2:$A$216,">=560",$A$2:$A$216,"<580") -> 33 | F12: =COUNTIFS($B$2:$B$86,">=560",$B$2:$B$86,"<580") -> 1 | G12: =IF(E12+F12=0,"",F12/(E12+F12)) -> 0.029411765 | H12: =IF(G12="","",IF(G12<0.1,"Accept",IF(AND(G12>=0.1,G12<=0.3),"Manual review","Reject"))) -> Accept
A13: 442 | B13: 430 | D13: 580-599 | E13: =COUNTIFS($A$2:$A$216,">=580",$A$2:$A$216,"<600") -> 14 | F13: =COUNTIFS($B$2:$B$86,">=580",$B$2:$B$86,"<600") -> 0 | G13: =IF(E13+F13=0,"",F13/(E13+F13)) -> 0 | H13: =IF(G13="","",IF(G13<0.1,"Accept",IF(AND(G13>=0.1,G13<=0.3),"Manual review","Reject"))) -> Accept
A14: 444 | B14: 432 | D14: 600-619 | E14: =COUNTIFS($A$2:$A$216,">=600",$A$2:$A$216,"<620") -> 14 | F14: =COUNTIFS($B$2:$B$86,">=600",$B$2:$B$86,"<620") -> 1 | G14: =IF(E14+F14=0,"",F14/(E14+F14)) -> 0.066666667 | H14: =IF(G14="","",IF(G14<0.1,"Accept",IF(AND(G14>=0.1,G14<=0.3),"Manual review","Reject"))) -> Accept
A15: 447 | B15: 432 | D15: 620-639 | E15: =COUNTIFS($A$2:$A$216,">=620",$A$2:$A$216,"<640") -> 9 | F15: =COUNTIFS($B$2:$B$86,">=620",$B$2:$B$86,"<640") -> 0 | G15: =IF(E15+F15=0,"",F15/(E15+F15)) -> 0 | H15: =IF(G15="","",IF(G15<0.1,"Accept",IF(AND(G15>=0.1,G15<=0.3),"Manual review","Reject"))) -> Accept
A16: 451 | B16: 436 | D16: 640-659 | E16: =COUNTIFS($A$2:$A$216,">=640",$A$2:$A$216,"<660") -> 1 | F16: =COUNTIFS($B$2:$B$86,">=640",$B$2:$B$86,"<660") -> 0 | G16: =IF(E16+F16=0,"",F16/(E16+F16)) -> 0 | H16: =IF(G16="","",IF(G16<0.1,"Accept",IF(AND(G16>=0.1,G16<=0.3),"Manual review","Reject"))) -> Accept
A17: 457 | B17: 436 | D17: 660-679 | E17: =COUNTIFS($A$2:$A$216,">=660",$A$2:$A$216,"<680") -> 1 | F17: =COUNTIFS($B$2:$B$86,">=660",$B$2:$B$86,"<680") -> 0 | G17: =IF(E17+F17=0,"",F17/(E17+F17)) -> 0 | H17: =IF(G17="","",IF(G17<0.1,"Accept",IF(AND(G17>=0.1,G17<=0.3),"Manual review","Reject"))) -> Accept
A18: 458 | B18: 442
A19: 459 | B19: 443
A20: 460 | B20: 443
A21: 460 | B21: 443
A22: 461 | B22: 446
A23: 462 | B23: 448
A24: 464 | B24: 450
A25: 465 | B25: 450
A26: 465 | B26: 450
A27: 468 | B27: 451
A28: 471 | B28: 453
A29: 472 | B29: 453
... A86: 522 | B86: 603
A87: 523
A88: 524
A89: 525
A90: 526
A91: 528
A92: 528
A93: 528
A94: 529
A95: 531
A96: 532
A97: 532
A98: 534
... A216: 663

Sheet SCORECARD_SCALLING
B2: PDO | C2: 30
B3: Base score | C3: 600
B4: Odds | C4: 20
B5: Factor | C5: =C2/LN(2) -> 43.280851
B6: Offset | C6: =C3-(C5*LN(C4)) -> 470.34216

Sheet POINTS_TABLE
A1: Numeric Variables | B1: Bin | C1: WOE | D1: Logit Contribution | E1: Points Contribution
A2: duration | B2: 1 | C2: =INDEX(Binning_WOE_IV!$I$2:$I$6,MATCH(POINTS_TABLE!B2,Binning_WOE_IV!$B$2:$B$6,0)) -> 1.0146163 | D2: =C2*$I$2 -> -0.80010662 | E2: =D2*SCORECARD_SCALLING!$C$5 -> -34.629295 | H2: duration | I2: -0.78858052
A3: duration | B3: 2 | C3: =INDEX(Binning_WOE_IV!$I$2:$I$6,MATCH(POINTS_TABLE!B3,Binning_WOE_IV!$B$2:$B$6,0)) -> 0.070953437 | D3: =C3*$I$2 -> -0.055952499 | E3: =D3*SCORECARD_SCALLING!$C$5 -> -2.4216718 | H3: credit_amount | I3: -0.49907437
A4: duration | B4: 3 | C4: =INDEX(Binning_WOE_IV!$I$2:$I$6,MATCH(POINTS_TABLE!B4,Binning_WOE_IV!$B$2:$B$6,0)) -> -0.12917431 | D4: =C4*$I$2 -> 0.10186435 | E4: =D4*SCORECARD_SCALLING!$C$5 -> 4.4087756 | H4: age | I4: -0.63688608
A5: duration | B5: 4 | C5: =INDEX(Binning_WOE_IV!$I$2:$I$6,MATCH(POINTS_TABLE!B5,Binning_WOE_IV!$B$2:$B$6,0)) -> -0.67243226 | D5: =C5*$I$2 -> 0.53026699 | E5: =D5*SCORECARD_SCALLING!$C$5 -> 22.950407 | H5: checking_status | I5: -0.78383563
A6: duration | B6: 5 | C6: =INDEX(Binning_WOE_IV!$I$2:$I$6,MATCH(POINTS_TABLE!B6,Binning_WOE_IV!$B$2:$B$6,0)) -> -0.94704226 | D6: =C6*$I$2 -> 0.74681908 | E6: =D6*SCORECARD_SCALLING!$C$5 -> 32.322965 | H6: credit_history | I6: -0.54958083
A7: credit_amount | B7: 1 | C7: =INDEX(Binning_WOE_IV!$I$7:$I$12,MATCH(POINTS_TABLE!B7,Binning_WOE_IV!$B$7:$B$12,0)) -> 0.039978968 | D7: =C7*$I$3 -> -0.019952478 | E7: =D7*SCORECARD_SCALLING!$C$5 -> -0.86356024 | H7: purpose | I7: -1.0351368
A8: credit_amount | B8: 2 | C8: =INDEX(Binning_WOE_IV!$I$7:$I$12,MATCH(POINTS_TABLE!B8,Binning_WOE_IV!$B$7:$B$12,0)) -> 0.16104878 | D8: =C8*$I$3 -> -0.080375317 | E8: =D8*SCORECARD_SCALLING!$C$5 -> -3.4787121 | H8: savings_status | I8: -0.7134355
A9: credit_amount | B9: 3 | C9: =INDEX(Binning_WOE_IV!$I$7:$I$12,MATCH(POINTS_TABLE!B9,Binning_WOE_IV!$B$7:$B$12,0)) -> 0.12361396 | D9: =C9*$I$3 -> -0.061692557 | E9: =D9*SCORECARD_SCALLING!$C$5 -> -2.6701064 | H9: employment | I9: -0.58342075
A10: credit_amount | B10: 4 | C10: =INDEX(Binning_WOE_IV!$I$7:$I$12,MATCH(POINTS_TABLE!B10,Binning_WOE_IV!$B$7:$B$12,0)) -> 0.043939369 | D10: =C10*$I$3 -> -0.021929013 | E10: =D10*SCORECARD_SCALLING!$C$5 -> -0.94910635 | H10: personal_status | I10: -1.1848073
A11: credit_amount | B11: 5 | C11: =INDEX(Binning_WOE_IV!$I$7:$I$12,MATCH(POINTS_TABLE!B11,Binning_WOE_IV!$B$7:$B$12,0)) -> -0.10201454 | D11: =C11*$I$3 -> 0.050912844 | E11: =D11*SCORECARD_SCALLING!$C$5 -> 2.2035512 | H11: property_magnitude | I11: -0.54243498
A12: credit_amount | B12: 6 | C12: =INDEX(Binning_WOE_IV!$I$7:$I$12,MATCH(POINTS_TABLE!B12,Binning_WOE_IV!$B$7:$B$12,0)) -> -0.98786425 | D12: =C12*$I$3 -> 0.49301773 | E12: =D12*SCORECARD_SCALLING!$C$5 -> 21.338227 | H12: other_payments_plans | I12: -0.61294899
A13: age | B13: 1 | C13: =INDEX(Binning_WOE_IV!$I$13:$I$18,MATCH(POINTS_TABLE!B13,Binning_WOE_IV!$B$13:$B$18,0)) -> -0.40221483 | D13: =C13*$I$4 -> 0.25616503 | E13: =D13*SCORECARD_SCALLING!$C$5 -> 11.087041 | H13: housing | I13: -0.37812095
A14: age | B14: 2 | C14: =INDEX(Binning_WOE_IV!$I$13:$I$18,MATCH(POINTS_TABLE!B14,Binning_WOE_IV!$B$13:$B$18,0)) -> -0.13233987 | D14: =C14*$I$4 -> 0.084285423 | E14: =D14*SCORECARD_SCALLING!$C$5 -> 3.6479449
A15: age | B15: 3 | C15: =INDEX(Binning_WOE_IV!$I$13:$I$18,MATCH(POINTS_TABLE!B15,Binning_WOE_IV!$B$13:$B$18,0)) -> -0.090210644 | D15: =C15*$I$4 -> 0.057453904 | E15: =D15*SCORECARD_SCALLING!$C$5 -> 2.4866539
A16: age | B16: 4 | C16: =INDEX(Binning_WOE_IV!$I$13:$I$18,MATCH(POINTS_TABLE!B16,Binning_WOE_IV!$B$13:$B$18,0)) -> 0.27579903 | D16: =C16*$I$4 -> -0.17565257 | E16: =D16*SCORECARD_SCALLING!$C$5 -> -7.6023925
A17: age | B17: 5 | C17: =INDEX(Binning_WOE_IV!$I$13:$I$18,MATCH(POINTS_TABLE!B17,Binning_WOE_IV!$B$13:$B$18,0)) -> 0.42044277 | D17: =C17*$I$4 -> -0.26777415 | E17: =D17*SCORECARD_SCALLING!$C$5 -> -11.589493
A18: age | B18: 6 | C18: =INDEX(Binning_WOE_IV!$I$13:$I$18,MATCH(POINTS_TABLE!B18,Binning_WOE_IV!$B$13:$B$18,0)) -> 0.47434343 | D18: =C18*$I$4 -> -0.30210273 | E18: =D18*SCORECARD_SCALLING!$C$5 -> -13.075263
A20: Categorical Variable | B20: Bin | C20: WOE | D20: Logit Contribution | E20: Points Contribution
A21: checking_status | B21: <0 | C21: =INDEX(Binning_WOE_IV!$G$32:$G$35,MATCH(B21,Binning_WOE_IV!$B$32:$B$35,0)) -> -0.67859154 | D21: =C21*$I$5 -> 0.53190423 | E21: =D21*SCORECARD_SCALLING!$C$5 -> 23.021268
A22: checking_status | B22: 0<=X<200 | C22: =INDEX(Binning_WOE_IV!$G$32:$G$35,MATCH(B22,Binning_WOE_IV!$B$32:$B$35,0)) -> -0.4555709 | D22: =C22*$I$5 -> 0.3570927 | E22: =D22*SCORECARD_SCALLING!$C$5 -> 15.455276
A23: checking_status | B23: >=200 | C23: =INDEX(Binning_WOE_IV!$G$32:$G$35,MATCH(B23,Binning_WOE_IV!$B$32:$B$35,0)) -> 0.16731839 | D23: =C23*$I$5 -> -0.13115012 | E23: =D23*SCORECARD_SCALLING!$C$5 -> -5.6762887
A24: checking_status | B24: no checking | C24: =INDEX(Binning_WOE_IV!$G$32:$G$35,MATCH(B24,Binning_WOE_IV!$B$32:$B$35,0)) -> 1.1281888 | D24: =C24*$I$5 -> -0.88431454 | E24: =D24*SCORECARD_SCALLING!$C$5 -> -38.273886
A25: credit_history | B25: critical/other existing credit | C25: =INDEX(Binning_WOE_IV!$G$36:$G$38,MATCH(B25,Binning_WOE_IV!$B$36:$B$38,0)) -> 0.68738688 | D25: =C25*$I$6 -> -0.37777465 | E25: =D25*SCORECARD_SCALLING!$C$5 -> -16.350408
A26: credit_history | B26: existing paid + delayed previously | C26: =INDEX(Binning_WOE_IV!$G$36:$G$38,MATCH(B26,Binning_WOE_IV!$B$36:$B$38,0)) -> -0.044726268 | D26: =C26*$I$6 -> 0.024580699 | E26: =D26*SCORECARD_SCALLING!$C$5 -> 1.0638736
A27: credit_history | B27: no credits/all paid + all paid | C27: =INDEX(Binning_WOE_IV!$G$36:$G$38,MATCH(B27,Binning_WOE_IV!$B$36:$B$38,0)) -> -1.2442938 | D27: =C27*$I$6 -> 0.68384 | E27: =D27*SCORECARD_SCALLING!$C$5 -> 29.597177
A28: purpose | B28: radio/tv + other | C28: =INDEX(Binning_WOE_IV!$G$39:$G$44,MATCH(B28,Binning_WOE_IV!$B$39:$B$44,0)) -> 0.42044277 | D28: =C28*$I$7 -> -0.43521581 | E28: =D28*SCORECARD_SCALLING!$C$5 -> -18.836511
A29: purpose | B29: education + retraining | C29: =INDEX(Binning_WOE_IV!$G$39:$G$44,MATCH(B29,Binning_WOE_IV!$B$39:$B$44,0)) -> -0.30268524 | D29: =C29*$I$7 -> 0.31332064 | E29: =D29*SCORECARD_SCALLING!$C$5 -> 13.560784
A30: purpose | B30: furniture/equipment + domestic appliances | C30: =INDEX(Binning_WOE_IV!$G$39:$G$44,MATCH(B30,Binning_WOE_IV!$B$39:$B$44,0)) -> -0.057184781 | D30: =C30*$I$7 -> 0.059194074 | E30: =D30*SCORECARD_SCALLING!$C$5 -> 2.5619699
A31: purpose | B31: new car | C31: =INDEX(Binning_WOE_IV!$G$39:$G$44,MATCH(B31,Binning_WOE_IV!$B$39:$B$44,0)) -> -0.37050784 | D31: =C31*$I$7 -> 0.38352631 | E31: =D31*SCORECARD_SCALLING!$C$5 -> 16.599345
